FEATURE,METADATA.GROUP,METADATA.personal-code,METADATA.swymerId,METADATA.workDurationInSeconds,METADATA.workDurationInSeconds.main,METADATA.workDurationInSeconds.qualification,POINTS,POINTS.main,POINTS.qualification,ai-system-evaluation.additional-functionality,ai-system-evaluation.benefit-of-doubt,ai-system-evaluation.classification-comprehensible,ai-system-evaluation.easy-to-follow-what-system-does,ai-system-evaluation.know-what-will-happen-next-time,ai-system-evaluation.most-useful-explanation-feature,ai-system-evaluation.other-information-wish,ai-system-evaluation.rely-on-ai-system,ai-system-evaluation.sceptical-about-ai-system,ai-system-evaluation.system-able-to-classify-news-articles,ai-system-evaluation.system-able-to-detect-SDG,ai-system-evaluation.system-can-correctly-classify-news-articles,ai-system-evaluation.system-can-efficiently-classify-news-articles,ai-system-evaluation.system-criteria-acceptable,ai-system-evaluation.system-decides-consistently,ai-system-evaluation.system-decides-neutral,ai-system-evaluation.system-helpful,ai-system-evaluation.tend-to-trust-system-even-without-knowledge,ai-system-evaluation.tendency-to-trust-system-high,ai-system-evaluation.trust-new-tech,ai-system-evaluation.understand-what-system-bases-decision-on,ai-system-evaluation.understand-why-system-provided-decision,ai-system-evaluation.value-speed-or-comprehensiveness,demographics.age,demographics.country,demographics.education,demographics.employment,demographics.gender,demographics.income,demographics.nationality,expectations.benefit-of-doubt,expectations.rely-on-ai-for-sdg-detection,expectations.sceptical-about-ai,expectations.trust-ai,expectations.trust-new-tech,information-literacy.familiarity-sdgs,information-literacy.have-it-skills,information-literacy.identify-authentic-sources,information-literacy.identify-sdg,information-literacy.research-level-skilss,information-seeking.sources.A3,information-seeking.sources.A7,information-seeking.sources.A8,information-seeking.sources.B11,information-seeking.sources.B6,information-seeking.sources.B9,information-seeking.sources.K12,information-seeking.sources.K16,information-seeking.sources.K17,news-dashboard-evaluation.assist-decisions,news-dashboard-evaluation.complicated-explainability-features,news-dashboard-evaluation.comprehensible-explanations-help-assess-news-articles,news-dashboard-evaluation.help-detect-SDG-faster,news-dashboard-evaluation.increase-effectiveness-SDG-detection,news-dashboard-evaluation.long-learning-time-not-worth,news-dashboard-evaluation.satisfied-with-explanatory-quality,news-dashboard-evaluation.useful-explanations-news,newsitem.1.control-question,newsitem.1.rating-after-xai,newsitem.1.rating-before-xai,newsitem.1.system-evaluation.classified-correctly,newsitem.1.system-evaluation.explanations-comprehensible-and-help-assess,newsitem.1.system-evaluation.indications-useful,newsitem.1.system-evaluation.indications-useful-concreteness,newsitem.1.system-evaluation.understand-what-system-does,newsitem.1.system-evaluation.xai-features-useful,newsitem.2.control-question,newsitem.2.rating-after-xai,newsitem.2.rating-before-xai,newsitem.2.system-evaluation.classified-correctly,newsitem.2.system-evaluation.explanations-comprehensible-and-help-assess,newsitem.2.system-evaluation.indications-useful,newsitem.2.system-evaluation.indications-useful-concreteness,newsitem.2.system-evaluation.understand-what-system-does,newsitem.2.system-evaluation.xai-features-useful,newsitem.3.control-question,newsitem.3.rating-after-xai,newsitem.3.rating-before-xai,newsitem.3.system-evaluation.classified-correctly,newsitem.3.system-evaluation.explanations-comprehensible-and-help-assess,newsitem.3.system-evaluation.indications-useful,newsitem.3.system-evaluation.indications-useful-concreteness,newsitem.3.system-evaluation.understand-what-system-does,newsitem.3.system-evaluation.xai-features-useful,newsitem.4.control-question,newsitem.4.rating-after-xai,newsitem.4.rating-before-xai,newsitem.4.system-evaluation.classified-correctly,newsitem.4.system-evaluation.explanations-comprehensible-and-help-assess,newsitem.4.system-evaluation.indications-useful,newsitem.4.system-evaluation.indications-useful-concreteness,newsitem.4.system-evaluation.understand-what-system-does,newsitem.4.system-evaluation.xai-features-useful,newsitem.5.control-question,newsitem.5.rating-after-xai,newsitem.5.rating-before-xai,newsitem.5.system-evaluation.classified-correctly,newsitem.5.system-evaluation.explanations-comprehensible-and-help-assess,newsitem.5.system-evaluation.indications-useful,newsitem.5.system-evaluation.indications-useful-concreteness,newsitem.5.system-evaluation.understand-what-system-does,newsitem.5.system-evaluation.xai-features-useful,newsitem.6.control-question,newsitem.6.rating-after-xai,newsitem.6.rating-before-xai,newsitem.6.system-evaluation.classified-correctly,newsitem.6.system-evaluation.explanations-comprehensible-and-help-assess,newsitem.6.system-evaluation.indications-useful,newsitem.6.system-evaluation.indications-useful-concreteness,newsitem.6.system-evaluation.understand-what-system-does,newsitem.6.system-evaluation.xai-features-useful,newsitem.7.control-question,newsitem.7.rating-after-xai,newsitem.7.rating-before-xai,newsitem.7.system-evaluation.classified-correctly,newsitem.7.system-evaluation.explanations-comprehensible-and-help-assess,newsitem.7.system-evaluation.indications-useful,newsitem.7.system-evaluation.indications-useful-concreteness,newsitem.7.system-evaluation.understand-what-system-does,newsitem.7.system-evaluation.xai-features-useful,newsitem.8.control-question,newsitem.8.rating-after-xai,newsitem.8.rating-before-xai,newsitem.8.system-evaluation.classified-correctly,newsitem.8.system-evaluation.explanations-comprehensible-and-help-assess,newsitem.8.system-evaluation.indications-useful,newsitem.8.system-evaluation.indications-useful-concreteness,newsitem.8.system-evaluation.understand-what-system-does,newsitem.8.system-evaluation.xai-features-useful
basic,2,19713,CX_79169039921,258,178,80,3,3,0,Nothing comes to mind. ,3,6,6,4,truthfulness-assessment,Nothing comes to mind. ,3,3,3,5,1,7,3,2,5,3,2,2,4,2,5,speed,30-39,Usa,high-school,other,female,50000-74999-usd,White,2,3,2,3,1,4,5,5,3,5,3,2,7,1,3,4,2,5,6,4,2,2,6,5,3,6,4,correct,-1,-1,3,5,4,7,2,5,correct,-1,-1,3,5,5,5,6,2,correct,-1,-1,5,4,3,2,3,3,wrong-1,-1,-1,3,6,4,2,6,4,wrong-2,-1,-1,4,3,5,4,3,5,wrong-1,-1,-1,5,3,2,2,3,2,wrong-1,-1.0,-1.0,,,,,,,,,,,,,,,
basic,2,svm73,CX_31975747433,1721,432,1289,2,2,0,Speed,4,3,5,5,truthfulness-assessment,The authenticity and speed,4,3,5,4,3,5,4,4,3,5,5,4,5,6,4,comprehensiveness,21-29,United Kingdom,university,salaried-employee,female,20000-34999-usd,Indian,5,4,4,5,4,4,4,6,4,5,4,5,4,3,3,4,4,5,3,4,3,4,5,5,3,4,5,wrong-2,64,69,5,5,5,3,5,4,wrong-1,-1,63,3,4,4,3,4,3,correct,63,59,4,3,4,4,5,3,wrong-1,65,63,4,3,3,4,3,4,correct,60,63,5,3,4,4,4,3,wrong-1,64,62,4,4,3,4,3,4,wrong-1,62.0,73.0,,,,,,,,,,,,,,,
basic,2,VJT09,CX_381218321691,1752,1178,574,5,5,0,I don’t know ,7,7,6,5,truthfulness-assessment,Nothing,7,7,4,6,7,5,6,6,5,7,5,7,7,6,6,comprehensiveness,30-39,United States of America ,high-school,unemployed,female,50000-74999-usd,American ,5,7,7,4,7,5,5,7,7,6,6,5,6,6,6,6,6,7,6,7,5,5,7,7,5,5,6,correct,89,74,7,7,7,7,7,7,correct,-1,-1,7,5,6,5,7,7,wrong-2,74,70,6,7,6,6,5,5,correct,-1,-1,3,6,6,6,7,6,correct,-1,-1,1,3,4,2,6,5,correct,-1,40,7,7,7,7,7,7,wrong-2,84.0,65.0,,,,,,,,,,,,,,,
basic,2,Abc12,CX_971252466090,5667,1245,4422,7,5,2,Ai highlights relevant passages,5,7,7,7,truthfulness-assessment,Implemented goals,7,2,7,7,7,7,7,7,4,7,6,6,5,7,7,comprehensiveness,50-59,United States,university,other,male,50000-74999-usd,American,6,4,2,6,2,6,7,6,7,7,7,7,6,6,6,4,7,7,7,7,1,7,7,7,1,7,7,correct,69,57,7,7,7,7,7,7,correct,-1,68,7,7,7,7,7,7,correct,47,36,7,7,7,7,7,7,correct,-1,-1,7,7,7,7,7,7,correct,-1,-1,1,7,1,1,7,7,wrong-2,13,18,3,7,6,6,7,2,correct,85.0,80.0,7.0,7.0,7.0,7.0,7.0,7.0,correct,-1.0,-1.0,7.0,7.0,7.0,7.0,7.0,7.0
basic,2,SKI877,CX_42129048083,1920,1127,793,7,5,2,More information ,5,5,5,5,truthfulness-assessment,More actions,4,5,5,5,5,5,3,4,4,5,4,4,5,5,4,comprehensiveness,50-59,UK,secondary,self-employed,female,20000-34999-usd,British ,5,3,5,4,5,4,5,5,5,4,7,7,6,4,6,5,7,6,4,4,4,4,4,4,5,3,5,correct,64,41,4,6,5,5,6,5,correct,-1,-1,4,6,6,5,4,4,wrong-1,30,22,3,6,6,6,6,6,correct,-1,-1,6,6,6,6,6,6,correct,-1,-1,3,6,6,4,6,6,correct,26,34,3,5,5,4,6,4,correct,49.0,56.0,6.0,6.0,6.0,6.0,6.0,6.0,correct,-1.0,-1.0,6.0,6.0,6.0,6.0,6.0,6.0
basic,2,VJA94,CX_22307456899,2768,1219,1549,7,5,2,None.,5,4,4,4,truthfulness-assessment,None.,5,6,6,6,6,6,4,6,4,5,5,4,5,4,4,comprehensiveness,30-39,United States of America ,high-school,other,female,35000-49999-usd,American,5,4,7,1,3,1,4,4,4,7,7,7,7,4,3,4,3,6,7,4,4,4,4,4,4,4,4,correct,90,74,6,6,4,4,6,4,correct,-1,40,5,4,5,5,4,5,correct,45,75,6,6,4,4,5,5,correct,-1,40,5,5,5,5,5,4,correct,51,-1,4,4,4,4,4,5,wrong-2,-1,35,4,4,4,4,4,4,correct,77.0,48.0,7.0,5.0,6.0,6.0,6.0,6.0,correct,80.0,81.0,6.0,6.0,6.0,6.0,5.0,5.0
basic,2,AHL41,CX_13462817447,2483,702,1781,8,6,2,To provide critical analysis and suggestions to improve SDG.,6,6,5,6,truthfulness-assessment,AI providing summaries and keynotes of SDG on reports ,5,3,6,6,6,6,6,6,5,6,5,5,5,6,6,comprehensiveness,30-39,Canada,university,salaried-employee,male,over-100000-usd,Canadian/Italian/ peruvian,6,6,3,6,5,4,6,6,6,6,7,7,6,6,7,5,7,7,7,6,6,6,6,6,2,6,6,correct,86,85,7,6,7,7,7,7,correct,-1,-1,7,7,7,7,6,7,correct,56,56,6,7,7,6,7,7,correct,-1,-1,7,6,6,6,6,6,correct,-1,-1,2,6,5,6,6,6,correct,54,51,2,6,6,6,6,6,correct,82.0,61.0,7.0,7.0,7.0,7.0,7.0,7.0,correct,-1.0,-1.0,7.0,7.0,7.0,7.0,7.0,7.0
basic,2,CGZ63,CX_84998384438,2188,1835,353,7,5,2,N/a ,7,7,7,7,truthfulness-assessment,N/a,7,7,7,5,7,7,7,7,7,7,7,7,7,7,7,speed,30-39,United Kingdom ,university,salaried-employee,male,50000-74999-usd,British ,7,5,4,7,6,5,7,7,7,7,7,7,7,7,7,7,7,7,7,7,7,7,7,7,7,7,7,wrong-2,82,47,7,7,7,7,7,7,correct,-1,-1,7,7,7,6,7,7,correct,49,59,7,7,7,6,7,7,correct,-1,-1,7,7,7,7,7,6,correct,38,-1,7,6,5,6,7,4,correct,48,48,2,7,7,6,7,7,correct,83.0,73.0,7.0,7.0,7.0,7.0,7.0,7.0,correct,-1.0,-1.0,7.0,7.0,7.0,7.0,7.0,7.0
basic,2,Bah45,CX_08169540968,3443,906,2537,8,6,2,Don't know,5,6,6,5,truthfulness-assessment,Don't know,3,5,6,5,5,5,6,6,6,3,5,5,5,6,6,comprehensiveness,30-39,Uk,university,unemployed,female,35000-49999-usd,British,5,3,5,4,3,1,6,6,6,6,7,7,7,4,4,6,7,6,7,6,3,6,5,5,3,6,6,correct,86,83,7,7,7,7,7,7,correct,-1,-1,7,7,7,7,7,7,correct,27,16,5,7,4,2,4,3,correct,-1,-1,7,7,6,6,5,5,correct,-1,-1,1,7,2,2,4,2,correct,36,37,3,7,5,3,5,4,correct,86.0,72.0,7.0,6.0,6.0,7.0,6.0,6.0,correct,-1.0,-1.0,7.0,6.0,6.0,7.0,6.0,6.0
basic,2,XXX99,CX_091430969487,3691,1457,2234,8,6,2,Not sure,5,1,1,1,truthfulness-assessment,Not sure,3,4,1,2,2,2,3,4,4,5,5,4,4,1,1,comprehensiveness,40-49,United States,university,other,male,over-100000-usd,American ,6,2,3,5,5,3,7,6,5,6,6,7,7,5,6,5,6,6,2,2,1,1,2,2,7,1,2,correct,70,69,5,4,5,4,2,3,correct,-1,-1,7,2,4,4,2,4,correct,84,85,2,2,2,1,2,4,correct,-1,-1,7,3,4,4,1,2,correct,30,-1,3,3,4,5,2,3,correct,50,49,2,1,1,1,1,2,correct,63.0,45.0,3.0,5.0,6.0,3.0,5.0,5.0,correct,-1.0,-1.0,6.0,6.0,6.0,6.0,6.0,5.0
basic,2,LJB73,CX_47879668489,888,484,404,7,5,2,Not sure. ,6,6,6,6,truthfulness-assessment,More buzz words. ,6,6,6,6,6,6,6,6,5,6,6,5,6,6,6,speed,21-29,UK,university,salaried-employee,female,50000-74999-usd,Irish,6,4,5,5,6,6,6,6,6,6,6,6,6,6,6,6,6,6,6,6,4,5,5,5,5,6,5,correct,70,56,7,6,6,6,7,6,correct,-1,-1,7,6,6,6,7,6,correct,57,73,7,6,6,5,7,6,correct,-1,54,7,6,6,7,7,6,correct,53,-1,7,6,6,6,7,5,wrong-2,-1,54,6,6,6,6,6,6,correct,65.0,68.0,5.0,5.0,6.0,6.0,5.0,6.0,correct,-1.0,-1.0,7.0,6.0,6.0,5.0,6.0,5.0
basic,2,WDL61,CX_531425752498,4337,3049,1288,8,6,2,Ability for system to underline the sdg.,6,5,5,5,truthfulness-assessment,An explanation of  the SDG and what terms can be included ,5,3,6,6,6,6,5,6,5,5,5,6,6,5,4,comprehensiveness,40-49,Uk,university,salaried-employee,male,over-100000-usd,British ,6,5,3,5,6,1,6,5,5,6,7,7,7,4,5,4,7,7,7,6,4,6,7,6,3,4,4,correct,91,67,7,4,7,6,7,6,correct,-1,-1,7,4,7,6,6,4,correct,79,81,7,5,6,5,6,5,correct,-1,29,7,5,7,7,6,5,correct,-1,-1,2,4,2,2,6,4,correct,-1,71,5,4,6,6,6,4,correct,84.0,41.0,7.0,6.0,7.0,6.0,7.0,5.0,correct,-1.0,-1.0,7.0,5.0,7.0,6.0,6.0,4.0
basic,2,Pda46,CX_091071849826,1794,1109,685,8,6,2,More explanations as to how and why the AI detected SDG ,5,4,4,3,truthfulness-assessment,An explanation as to why AI detected SDG,4,4,5,5,5,5,4,4,4,5,3,4,5,4,4,comprehensiveness,40-49,United states,university,self-employed,female,50000-74999-usd,American,5,3,4,5,5,3,6,5,5,6,6,7,7,4,6,7,7,6,3,5,3,5,5,5,3,4,5,correct,87,75,7,7,7,7,7,7,correct,-1,-1,7,6,6,6,7,6,correct,45,-1,6,6,6,6,6,6,correct,-1,-1,7,6,6,6,7,6,correct,-1,-1,3,4,3,3,5,6,correct,67,69,3,6,4,4,5,6,correct,86.0,26.0,6.0,6.0,6.0,6.0,7.0,6.0,correct,-1.0,-1.0,7.0,7.0,7.0,7.0,7.0,7.0
basic,2,DMA30,CX_9484730194,7946,5018,2928,8,6,2,Explainers on concreteness explanation the AI did.  Have it check for other goals.,6,2,2,4,truthfulness-assessment,Repeat the information on concreteness plus improve the AI to detect it reliably.,4,5,5,3,4,2,3,4,4,2,2,2,5,3,3,comprehensiveness,30-39,USA,high-school,self-employed,diverse,over-100000-usd,USA,6,3,5,4,5,4,4,6,7,6,5,6,5,5,5,4,7,5,6,3,2,4,3,4,3,3,4,correct,85,84,7,4,5,6,5,4,correct,-1,-1,6,4,5,6,5,4,correct,50,49,6,4,6,6,6,5,correct,-1,-1,7,4,6,7,6,4,correct,-1,-1,1,4,4,5,3,4,correct,46,39,2,4,2,4,3,4,correct,81.0,78.0,7.0,5.0,5.0,6.0,6.0,4.0,correct,-1.0,-1.0,6.0,6.0,6.0,6.0,6.0,5.0
basic,2,RMW51,CX_291404180234,992,714,278,8,6,2,Unsure,6,5,5,4,truthfulness-assessment,A summary of the goals/objectives and targets for the coming period,5,4,6,6,6,5,5,5,4,6,4,5,7,5,6,comprehensiveness,21-29,United Kingdom,secondary,self-employed,male,35000-49999-usd,British,7,5,3,6,7,3,5,5,6,6,7,7,6,4,4,3,6,7,6,4,4,5,5,6,4,5,4,correct,76,63,6,4,5,5,7,4,correct,-1,-1,7,7,6,6,6,5,correct,67,76,7,5,7,7,7,4,correct,-1,-1,7,7,5,4,6,5,correct,-1,-1,4,4,5,4,5,5,correct,67,88,3,5,5,5,4,4,correct,74.0,76.0,6.0,5.0,4.0,5.0,6.0,5.0,correct,-1.0,-1.0,6.0,7.0,5.0,5.0,6.0,7.0
basic,2,Nsg46,CX_93308939641,1092,932,160,5,3,2,Give the critical thinking,5,6,6,5,truthfulness-assessment,More information,5,5,6,5,5,4,6,6,6,5,5,5,6,6,6,comprehensiveness,30-39,USA,university,self-employed,female,50000-74999-usd,Albanian,5,5,5,3,5,2,7,5,5,5,7,7,7,7,7,7,7,7,6,5,5,6,6,6,6,5,6,wrong-1,49,62,7,7,7,7,7,7,wrong-1,-1,-1,4,3,3,5,3,3,correct,72,75,7,7,7,7,7,7,wrong-1,-1,-1,2,4,2,2,2,2,correct,86,81,6,7,7,7,6,7,correct,51,57,6,6,6,6,6,6,correct,93.0,91.0,7.0,7.0,7.0,7.0,7.0,6.0,correct,60.0,53.0,5.0,6.0,5.0,5.0,6.0,5.0
basic,2,Atd96,CX_221411811066,2518,1427,1091,7,5,2,I'm not sure ,4,6,6,6,truthfulness-assessment,Nothing further as of now,4,6,7,7,7,7,7,6,6,4,5,5,4,6,6,comprehensiveness,30-39,USA,university,self-employed,female,35000-49999-usd,White,4,4,6,4,4,3,5,6,6,6,6,7,7,1,7,7,6,5,7,7,3,7,7,7,3,7,7,wrong-2,84,85,7,7,7,7,7,7,correct,-1,-1,7,7,3,6,7,3,correct,47,61,7,7,7,7,7,7,correct,-1,-1,7,7,7,7,7,7,correct,53,-1,7,6,6,6,7,6,correct,-1,26,7,7,7,7,7,7,correct,86.0,95.0,7.0,7.0,7.0,7.0,7.0,7.0,correct,-1.0,-1.0,7.0,7.0,4.0,4.0,7.0,3.0
basic,2,TEP40,CX_791266219283,3678,2498,1180,7,5,2,Better understanding,2,4,5,4,truthfulness-assessment,Explanation to why the Ai made the decisions it made.,4,6,6,5,5,5,3,5,2,4,2,2,2,5,4,comprehensiveness,21-29,United States,high-school,self-employed,female,less-than-20000-usd,White,3,3,6,2,3,2,3,4,5,4,7,6,6,2,6,7,6,7,3,4,5,5,4,4,4,4,6,correct,74,53,6,6,7,6,6,6,correct,-1,-1,7,7,6,6,6,6,correct,46,13,6,6,6,6,6,5,wrong-1,-1,-1,7,6,6,5,6,6,correct,-1,-1,2,6,2,3,4,5,correct,28,56,4,7,5,5,5,5,correct,85.0,62.0,6.0,7.0,7.0,6.0,6.0,6.0,correct,-1.0,-1.0,6.0,6.0,6.0,6.0,5.0,6.0
basic,2,PJB43,CX_211419221461,1650,1057,593,8,6,2,Highlight what helped the AI determine their decision ,6,7,7,5,truthfulness-assessment,A full explanation of all SDG,6,3,7,6,7,7,6,5,5,6,6,6,6,7,7,comprehensiveness,30-39,United States,university,salaried-employee,female,50000-74999-usd,American ,6,4,4,6,6,3,6,6,4,6,6,6,6,5,5,6,6,6,6,6,2,6,6,6,2,7,6,correct,87,83,7,7,7,7,7,7,correct,-1,-1,7,7,7,7,7,7,correct,45,47,7,7,7,7,7,7,correct,-1,-1,7,7,7,7,7,7,correct,56,-1,5,5,5,5,5,5,correct,60,61,3,3,3,3,3,3,correct,-1.0,90.0,7.0,7.0,7.0,7.0,7.0,7.0,correct,-1.0,-1.0,7.0,7.0,7.0,7.0,7.0,7.0
basic,2,Emb99,CX_531434668073,1375,804,571,8,6,2,I’m not sure,5,6,6,6,truthfulness-assessment,What all the goals are,4,5,4,5,5,5,6,4,5,5,4,4,5,6,6,comprehensiveness,30-39,United States of America,university,unemployed,female,over-100000-usd,American,5,2,5,3,5,2,5,6,6,6,6,7,4,3,3,4,7,5,6,5,3,6,5,4,3,4,6,correct,76,76,7,6,6,6,7,6,correct,-1,-1,7,6,6,6,6,6,correct,51,59,7,6,6,6,7,6,correct,-1,-1,7,6,6,6,5,6,correct,-1,-1,1,4,2,2,2,2,correct,33,29,2,2,3,2,6,3,correct,62.0,66.0,6.0,6.0,6.0,6.0,6.0,6.0,correct,-1.0,-1.0,7.0,6.0,6.0,6.0,7.0,4.0
basic,2,Dcc38,CX_861443933275,1524,867,657,8,6,2,A summary or outline of the main topics in the passage,5,6,6,6,truthfulness-assessment,Personal background knowledge in the area,6,5,5,5,5,5,5,6,6,6,5,3,5,6,6,comprehensiveness,30-39,United States,university,self-employed,female,75000-99999-usd,American,5,1,5,5,5,1,5,6,6,5,7,7,5,6,6,4,7,7,6,7,3,7,6,5,2,7,6,correct,85,80,7,7,7,7,7,7,correct,-1,-1,7,7,7,7,7,7,correct,36,35,7,7,7,7,7,7,correct,-1,-1,7,7,7,7,7,7,correct,-1,-1,1,1,1,1,7,1,correct,32,32,1,1,1,1,7,1,correct,93.0,94.0,7.0,6.0,6.0,6.0,7.0,6.0,correct,-1.0,38.0,6.0,6.0,6.0,4.0,6.0,5.0
basic,2,LSO07,CX_16140655400,1067,816,251,8,6,2,Highlighted text showing why decisions were made,5,5,5,5,truthfulness-assessment,Highlights in the text of which decisions are based on. ,3,6,6,6,5,7,5,5,5,6,1,3,5,5,6,speed,30-39,England,university,student,female,35000-49999-usd,British,5,1,5,4,5,4,6,5,5,7,7,7,7,4,4,2,7,7,7,5,4,4,4,4,4,5,4,correct,78,65,7,6,6,6,6,6,correct,-1,-1,7,4,4,5,6,4,correct,67,79,5,5,5,5,6,5,correct,-1,-1,7,4,4,4,6,4,correct,-1,-1,3,4,3,2,6,3,correct,-1,51,6,5,5,5,6,5,correct,86.0,82.0,7.0,4.0,4.0,4.0,6.0,4.0,correct,-1.0,-1.0,7.0,6.0,7.0,7.0,7.0,4.0
basic,2,TRT00,CX_131444168279,1358,1055,303,7,5,2,Sourcing where Ai basis it’s decisions,7,5,6,5,truthfulness-assessment,The information was sufficient,5,3,6,6,6,6,5,5,2,5,5,3,7,5,5,comprehensiveness,21-29,United States,high-school,self-employed,male,no-answer,Caucasian ,7,2,2,7,7,4,3,6,7,6,7,7,4,4,4,4,7,7,7,6,4,6,6,6,4,4,6,correct,37,35,5,5,5,5,5,5,wrong-1,-1,-1,7,7,7,7,7,7,correct,39,34,7,7,7,7,7,7,correct,-1,-1,7,7,7,7,7,7,correct,-1,-1,2,7,5,6,7,7,correct,41,40,2,5,5,5,5,5,correct,-1.0,-1.0,3.0,6.0,5.0,5.0,7.0,7.0,correct,-1.0,-1.0,7.0,7.0,7.0,7.0,7.0,7.0
basic,2,BWM94,CX_471415146684,1400,893,507,8,6,2,I don’t know.,7,5,5,5,truthfulness-assessment,I don’t know.,1,7,5,5,5,5,4,5,1,5,2,1,5,5,6,comprehensiveness,30-39,United States,upper-secondary,salaried-employee,female,20000-34999-usd,American,7,1,7,3,3,1,2,5,6,6,7,7,7,4,2,5,7,7,7,6,2,6,5,5,3,5,6,correct,81,70,7,5,6,5,7,6,correct,-1,-1,7,5,5,6,7,7,correct,56,41,7,6,6,6,7,6,correct,-1,-1,7,7,5,7,7,7,correct,-1,-1,1,6,1,1,6,1,correct,48,50,1,6,1,1,7,6,correct,93.0,86.0,7.0,7.0,6.0,6.0,7.0,7.0,correct,-1.0,-1.0,7.0,7.0,6.0,6.0,7.0,6.0
basic,2,JAE69,CX_311442995284,1764,945,819,8,6,2,For those who don't exactly know what AI is I believe there should be a little more explanation of what it is. ,6,7,4,6,truthfulness-assessment,All the information that i needed was there. ,3,6,6,6,5,6,6,2,6,4,5,4,6,7,7,comprehensiveness,21-29,United States,high-school,student,female,less-than-20000-usd,White,6,5,5,4,6,2,7,6,6,5,5,7,6,6,7,7,6,5,6,6,1,5,4,3,1,7,6,correct,85,80,6,7,7,7,7,7,correct,-1,-1,7,7,7,7,7,7,correct,48,57,6,7,7,7,7,7,correct,-1,-1,7,7,7,7,7,7,correct,70,70,3,7,7,7,7,7,correct,-1,-1,7,7,7,7,7,7,correct,58.0,39.0,4.0,7.0,7.0,7.0,7.0,7.0,correct,-1.0,-1.0,7.0,7.0,6.0,6.0,7.0,7.0
basic,2,XXL08,CX_23216396130,2237,1397,840,8,6,2,Reminders of the SDG5,5,6,4,4,truthfulness-assessment,Keywords searched,4,4,4,4,4,4,4,5,3,3,4,4,5,4,6,comprehensiveness,50-59,UK,university,self-employed,female,no-answer,British ,5,4,4,4,4,4,6,5,6,6,6,6,6,6,4,4,7,6,1,3,5,4,4,4,3,4,4,correct,67,67,7,6,6,6,5,6,correct,-1,-1,7,6,6,6,5,6,correct,64,74,7,6,6,6,5,6,correct,-1,-1,7,6,6,6,5,6,correct,24,-1,5,5,5,5,5,5,correct,60,60,3,6,4,4,5,5,correct,85.0,80.0,7.0,6.0,6.0,6.0,5.0,6.0,correct,-1.0,-1.0,7.0,6.0,6.0,5.0,5.0,6.0
basic,2,KDB37,CX_201134297869,1174,349,825,4,2,2,Notsure,5,5,5,5,truthfulness-assessment,I don't know ,5,5,5,5,5,5,5,5,5,5,5,5,5,5,5,comprehensiveness,40-49,Us,university,salaried-employee,female,35000-49999-usd,American ,5,6,5,6,5,3,4,6,6,4,5,5,5,5,5,5,5,5,5,5,5,5,5,5,5,5,5,wrong-2,87,59,6,6,6,6,6,6,correct,-1,-1,6,5,5,5,6,5,wrong-1,48,82,7,6,7,7,7,7,wrong-2,-1,55,6,6,6,6,6,6,wrong-1,63,59,6,6,6,6,6,6,correct,-1,-1,6,5,5,5,5,5,correct,86.0,-1.0,6.0,7.0,6.0,6.0,6.0,6.0,correct,-1.0,-1.0,6.0,6.0,6.0,6.0,7.0,6.0
basic,2,Cje07,CX_401169240804,1455,851,604,8,6,2,I can't think of anything ,5,6,6,6,truthfulness-assessment,I can't think of anything ,4,4,6,6,5,5,5,5,5,6,4,4,5,6,6,speed,40-49,United States ,high-school,self-employed,male,20000-34999-usd,American ,5,5,4,4,5,4,5,5,6,6,6,7,6,4,6,4,6,6,6,4,4,4,4,4,4,5,4,correct,70,56,7,6,6,6,6,6,correct,-1,-1,7,6,6,6,6,6,correct,54,62,7,6,6,6,6,6,correct,-1,-1,7,6,6,6,6,6,correct,51,-1,5,4,4,4,6,4,correct,47,50,4,4,4,4,4,4,correct,65.0,49.0,6.0,4.0,4.0,4.0,6.0,6.0,correct,-1.0,-1.0,7.0,4.0,6.0,4.0,6.0,6.0
basic,2,BVH23,CX_24315306871,2769,1395,1374,8,6,2,To be precise and correct,6,6,6,6,truthfulness-assessment,The extent  of the effectiveness of actions taken,6,2,6,6,4,5,5,6,2,6,6,6,4,6,6,comprehensiveness,40-49,United Kingdom ,university,salaried-employee,female,75000-99999-usd,Zimbabwean ,6,5,2,6,4,2,6,6,7,6,7,7,6,4,7,4,7,7,5,6,2,6,6,6,2,6,6,correct,81,73,7,6,6,6,6,6,correct,-1,-1,7,7,6,6,6,6,correct,52,52,7,6,7,6,6,6,correct,-1,-1,6,6,6,6,6,6,correct,-1,-1,2,6,2,2,6,6,correct,43,49,2,6,6,6,6,6,correct,79.0,46.0,6.0,7.0,6.0,6.0,6.0,6.0,correct,-1.0,-1.0,7.0,7.0,6.0,6.0,6.0,6.0
basic,2,JVL22,CX_971442152009,2009,1146,863,8,6,2,"I don’t know that I would add anything, but I do feel that it could’ve been more accurate.",7,5,5,2,truthfulness-assessment,I would like something similar to a rubric that explains what criteria an SDG has to meet to be considered concrete.,5,5,5,6,5,5,6,3,2,5,2,5,7,6,3,comprehensiveness,21-29,United States,high-school,self-employed,female,no-answer,Mexican-American,7,3,5,6,7,1,2,4,6,4,7,7,7,4,2,2,7,7,6,5,2,4,5,3,2,5,6,correct,70,58,6,6,6,6,6,6,correct,-1,-1,6,6,6,6,6,6,correct,32,32,5,6,6,5,6,7,correct,6,20,3,6,6,5,7,7,correct,10,-1,2,6,6,3,3,6,correct,40,54,1,6,3,2,3,6,correct,72.0,56.0,6.0,6.0,6.0,6.0,7.0,6.0,correct,-1.0,-1.0,7.0,6.0,6.0,6.0,7.0,5.0
basic,2,NCS31,CX_601429520409,6319,2461,3858,8,6,2,If the ai highlights or made Mark indicating what parts of reports it utilized to determine it's answers,6,7,7,4,truthfulness-assessment,Fully detailed list of all sdgs that exist,5,4,5,5,4,5,5,5,3,5,4,4,4,7,7,comprehensiveness,30-39,United States,high-school,self-employed,female,20000-34999-usd,American,6,3,4,4,4,1,4,6,6,5,7,7,7,5,5,5,7,5,6,5,3,5,6,6,3,4,4,correct,73,72,7,5,6,6,6,6,correct,-1,-1,7,6,6,4,6,6,correct,31,14,7,6,6,5,6,6,correct,-1,-1,7,6,6,4,6,6,correct,-1,-1,1,4,1,1,5,6,correct,10,24,2,4,3,2,5,5,correct,84.0,74.0,7.0,6.0,6.0,7.0,6.0,6.0,correct,-1.0,-1.0,7.0,6.0,5.0,6.0,6.0,6.0
basic,2,FPS57,CX_681386606674,875,457,418,6,4,2,Not sure,6,6,6,5,truthfulness-assessment,NA,6,6,6,7,7,7,6,5,4,6,6,5,5,6,6,speed,21-29,USA,high-school,self-employed,female,35000-49999-usd,American ,6,7,4,5,4,7,6,7,7,7,6,6,7,5,5,4,6,7,1,6,6,6,6,6,2,6,6,correct,85,79,6,7,6,7,7,7,wrong-2,73,76,6,6,6,5,7,6,correct,54,72,5,6,7,5,7,7,correct,68,57,6,6,6,6,7,4,correct,56,77,6,5,6,6,7,6,wrong-2,73,41,6,6,6,6,7,6,correct,83.0,85.0,7.0,6.0,6.0,5.0,7.0,6.0,correct,72.0,78.0,6.0,6.0,6.0,5.0,7.0,7.0
basic,2,MJA90,CX_52867675223,3228,1462,1766,8,6,2,None,6,3,3,3,truthfulness-assessment,None,3,2,6,6,5,5,5,5,7,4,6,6,6,5,4,comprehensiveness,21-29,United Kingdom ,university,student,male,less-than-20000-usd,Nigerian ,7,2,1,7,7,1,7,2,7,5,7,7,7,4,4,5,7,7,6,3,4,4,5,5,1,4,4,correct,45,32,6,7,7,5,6,7,correct,-1,-1,7,7,7,7,6,7,correct,39,38,7,7,7,7,6,7,correct,-1,-1,7,7,7,7,6,7,correct,-1,-1,2,7,3,3,6,7,correct,70,70,3,7,2,2,6,7,correct,71.0,67.0,7.0,7.0,7.0,7.0,6.0,7.0,correct,-1.0,-1.0,7.0,7.0,7.0,7.0,6.0,7.0
basic,2,Ctf18,CX_65954796408,1397,829,568,8,6,2,More training ,1,1,1,1,truthfulness-assessment,Nothing,1,7,1,2,1,1,1,1,1,1,1,1,1,1,1,comprehensiveness,30-39,United States ,university,student,female,20000-34999-usd,White,3,1,7,1,4,5,7,7,7,7,7,7,7,7,7,1,7,7,7,1,1,1,1,1,4,1,1,correct,84,84,7,7,7,7,7,7,correct,-1,-1,7,7,7,7,7,7,correct,8,9,7,1,7,1,5,5,correct,-1,-1,7,7,7,7,7,7,correct,-1,-1,1,1,1,1,1,1,correct,38,39,1,1,1,1,1,1,correct,31.0,32.0,7.0,7.0,7.0,4.0,7.0,7.0,correct,-1.0,-1.0,7.0,7.0,7.0,7.0,7.0,7.0
basic,2,src53,CX_431400088074,3673,1846,1827,8,6,2,Dividing up answers in multiple sections to better disclose what degree I agreed with sdr,6,6,6,6,truthfulness-assessment,Something othet than just a sliding scale. ,5,3,5,5,5,5,5,3,1,5,2,5,6,6,7,comprehensiveness,30-39,United States,university,self-employed,male,35000-49999-usd,American ,6,4,5,5,5,2,5,6,7,6,6,7,6,6,6,6,7,2,3,6,1,7,6,6,1,6,6,correct,67,50,7,6,7,7,7,7,correct,-1,-1,7,7,7,7,7,7,correct,33,29,7,7,6,4,7,7,correct,-1,-1,7,7,6,6,7,7,correct,-1,-1,1,7,2,1,6,6,correct,11,10,2,7,3,3,7,7,correct,75.0,52.0,7.0,7.0,6.0,6.0,6.0,7.0,correct,-1.0,-1.0,7.0,6.0,7.0,6.0,7.0,7.0
basic,2,Wbs17,CX_811373895042,2611,1335,1276,6,4,2,All of the schedules observed,3,6,6,6,truthfulness-assessment,Not just focus on women employment as I think the a I only did,5,4,3,5,3,3,5,5,7,5,5,4,3,7,7,comprehensiveness,30-39,United t,high-school,other,male,50000-74999-usd,Caucasian ,3,3,5,3,3,2,3,4,5,3,7,6,3,6,4,7,5,4,4,5,3,6,6,5,5,5,5,wrong-2,82,69,7,7,7,7,7,7,correct,32,45,3,7,3,3,6,5,wrong-1,56,59,7,7,7,7,7,7,correct,-1,-1,7,7,7,7,7,7,correct,68,76,7,7,7,7,7,7,correct,51,63,3,6,3,3,6,3,correct,95.0,95.0,7.0,6.0,7.0,7.0,7.0,7.0,correct,-1.0,-1.0,7.0,7.0,7.0,7.0,7.0,7.0
basic,2,SJA51,CX_5167198552,2013,945,1068,7,5,2,References,7,6,6,5,truthfulness-assessment,The key points highlighted would be useful in teaching what AI is using to assess reports.,5,4,6,6,5,6,6,6,4,4,6,5,6,6,6,comprehensiveness,40-49,United States ,university,retiree-pensioner,female,35000-49999-usd,American,7,2,4,4,6,1,6,7,5,7,7,7,4,6,5,5,5,5,6,5,6,6,6,6,2,6,6,correct,80,71,7,6,6,6,7,6,correct,-1,-1,6,6,6,6,6,6,correct,32,-1,6,6,7,6,6,7,correct,-1,-1,7,6,6,6,7,7,wrong-1,-1,-1,6,6,6,6,6,6,correct,57,72,6,6,6,6,6,6,correct,81.0,42.0,7.0,6.0,6.0,6.0,6.0,6.0,correct,-1.0,-1.0,7.0,6.0,6.0,6.0,6.0,5.0
basic,2,AMG31,CX_95924426433,3213,1709,1504,8,6,2,Not sure ,6,7,7,5,truthfulness-assessment,"A reminder of what SDG is. It would be good to always have it present, even if it’s one line. ",4,4,6,6,5,5,5,4,4,7,4,5,5,3,6,comprehensiveness,30-39,Uk ,university,salaried-employee,female,50000-74999-usd,British ,7,3,4,5,5,1,7,6,6,7,7,7,7,6,7,6,4,3,5,7,7,7,7,7,3,7,7,correct,72,61,6,7,7,6,7,7,correct,-1,-1,7,7,7,7,7,7,correct,60,71,6,6,7,7,7,7,correct,-1,-1,7,7,7,7,7,7,correct,36,28,4,4,4,5,7,7,correct,75,73,1,7,5,2,7,6,correct,95.0,70.0,7.0,7.0,7.0,7.0,7.0,7.0,correct,-1.0,-1.0,6.0,4.0,5.0,7.0,7.0,4.0
basic,2,LSW12,CX_631294694487,1410,821,589,8,6,2,A more detailed list for the AI system to have in terms of SDG evaluation of what will be acceptable and unacceptable ,4,4,4,1,truthfulness-assessment,A complete breakdown guide of everything the SDG encompasses,3,6,3,2,5,5,6,2,2,3,1,1,2,2,1,comprehensiveness,30-39,USA,university,salaried-employee,female,35000-49999-usd,Caucasian ,3,1,6,2,2,2,6,7,7,7,7,7,7,6,7,6,7,6,1,7,1,7,6,6,1,7,3,correct,59,49,6,7,6,5,6,7,correct,-1,-1,7,7,7,7,7,7,correct,51,57,7,7,7,7,7,7,correct,-1,-1,7,7,7,7,7,7,correct,-1,-1,1,7,2,1,7,7,correct,53,57,1,7,1,1,6,7,correct,92.0,92.0,7.0,7.0,7.0,7.0,7.0,7.0,correct,-1.0,-1.0,7.0,7.0,7.0,7.0,7.0,7.0
basic,2,LCP29,CX_231445162271,2025,1160,865,7,5,2,Be able to click and see certain parts of the text highlighted where SDG is present ,4,4,5,5,truthfulness-assessment,Example of why SDG is present and how the concrete level has been decided.,5,4,5,5,5,5,5,4,4,5,4,4,4,5,5,comprehensiveness,30-39,Uk,university,unemployed,female,20000-34999-usd,British ,5,3,4,4,5,4,5,6,6,6,7,7,7,5,6,7,6,7,7,5,4,4,5,5,4,4,5,correct,72,57,6,6,7,6,6,7,correct,-1,-1,7,7,6,7,7,7,wrong-1,30,18,5,5,5,5,5,5,correct,-1,-1,7,7,7,7,7,7,correct,-1,-1,1,2,2,2,6,2,correct,2,33,4,4,4,4,5,4,correct,79.0,70.0,6.0,7.0,7.0,6.0,6.0,7.0,correct,-1.0,-1.0,7.0,6.0,6.0,6.0,7.0,5.0
basic,2,MJb19,CX_511445173276,1853,1238,615,8,6,2,Identify key words and evaluate the context they are used in before a decision is made,5,3,5,5,truthfulness-assessment,Key words,3,3,3,4,3,3,4,4,3,3,4,4,5,3,3,comprehensiveness,21-29,US,high-school,salaried-employee,male,no-answer,American ,5,3,3,5,4,4,6,6,6,6,6,7,5,2,7,4,7,6,2,3,4,4,4,4,4,4,4,correct,87,58,7,6,6,6,6,6,correct,-1,-1,7,6,6,6,6,6,correct,75,75,3,6,4,4,7,6,correct,-1,-1,7,6,6,6,7,6,correct,-1,-1,2,4,4,4,6,4,correct,65,65,2,4,4,4,4,4,correct,86.0,85.0,7.0,6.0,6.0,6.0,7.0,6.0,correct,-1.0,-1.0,7.0,6.0,6.0,6.0,7.0,6.0
basic,2,Kiw48,CX_661375484258,2533,1574,959,8,6,2,Thumbs up button,6,4,4,3,truthfulness-assessment,Key words,4,5,5,4,4,5,3,4,4,3,3,5,6,3,3,comprehensiveness,30-39,Australia,university,self-employed,female,75000-99999-usd,Australian ,5,4,6,3,6,4,6,5,6,4,6,7,6,5,2,4,6,6,7,4,4,5,5,4,5,4,4,correct,75,58,6,6,6,6,6,6,correct,-1,-1,7,6,6,6,6,6,correct,55,65,6,6,6,6,6,6,correct,-1,-1,7,6,6,6,6,6,correct,-1,-1,2,6,5,4,6,4,correct,60,60,2,6,6,6,6,6,correct,85.0,70.0,6.0,6.0,6.0,6.0,7.0,6.0,correct,-1.0,-1.0,7.0,6.0,6.0,6.0,6.0,6.0
basic,2,MBA66,CX_57372031887,5094,3849,1245,8,6,2, I don’t exactly understand the question for me to give a proper answer.,4,2,6,4,truthfulness-assessment,More mentions of SDG’s in the reports.,5,4,5,6,6,6,5,7,6,5,4,3,5,6,5,comprehensiveness,30-39,USA,high-school,unemployed,female,less-than-20000-usd,White,3,3,4,4,2,2,4,5,6,5,5,7,6,1,5,5,7,6,1,4,2,6,4,4,2,6,5,correct,61,58,7,6,6,3,6,6,correct,-1,-1,7,7,6,6,6,7,correct,45,43,7,6,6,6,6,6,correct,-1,-1,7,7,6,6,6,7,correct,4,-1,1,5,5,1,3,5,correct,-1,36,7,3,3,6,6,4,correct,100.0,100.0,6.0,7.0,6.0,5.0,6.0,4.0,correct,-1.0,-1.0,7.0,7.0,6.0,4.0,6.0,6.0
basic,2,Tda90,CX_641442982497,1274,735,539,8,6,2,Knowing what data the ai pulled to come to its conclusion ,5,4,4,3,truthfulness-assessment,"Data, rather than a statement.",3,5,5,5,5,5,4,4,6,2,2,2,4,4,4,comprehensiveness,30-39,Usa,university,salaried-employee,diverse,20000-34999-usd,White,5,2,5,4,4,1,4,5,5,5,7,7,7,5,5,6,7,7,7,2,4,3,4,2,4,3,3,correct,62,45,5,5,5,5,5,5,correct,-1,-1,6,5,5,5,5,5,correct,35,35,6,5,5,5,5,5,correct,-1,-1,7,5,5,5,5,5,correct,-1,-1,2,5,5,5,5,5,correct,28,31,2,5,5,5,5,5,correct,53.0,53.0,5.0,5.0,5.0,5.0,5.0,5.0,correct,-1.0,-1.0,7.0,5.0,5.0,5.0,5.0,5.0
basic,2,RVA31,CX_841034412628,1962,1068,894,8,6,2,No idea,7,5,5,5,truthfulness-assessment,Not even sure,6,2,6,6,5,5,6,6,2,6,5,5,7,6,5,comprehensiveness,30-39,United Kingdom,university,salaried-employee,female,35000-49999-usd,Lithuanian,7,6,2,6,7,3,7,6,6,6,7,4,7,7,7,7,7,7,7,3,2,5,5,5,2,5,5,correct,70,50,7,7,7,7,7,7,correct,-1,-1,7,7,7,7,7,7,correct,50,55,7,7,7,7,7,7,correct,-1,-1,7,7,7,7,7,7,correct,-1,-1,2,5,7,6,7,7,correct,76,77,2,7,3,7,7,6,correct,80.0,80.0,6.0,7.0,7.0,7.0,6.0,6.0,correct,-1.0,-1.0,7.0,7.0,7.0,7.0,6.0,7.0
basic,2,AJC88,CX_391445458822,1725,1051,674,8,6,2,Highlight the sdg5 parts,5,3,3,3,truthfulness-assessment,More examples of sdg5,5,3,5,5,4,4,3,3,4,5,3,4,5,3,3,comprehensiveness,21-29,Canada,university,student,female,35000-49999-usd,Canadian,6,4,3,6,6,2,6,5,6,5,6,6,5,6,5,3,7,7,4,5,3,5,5,5,3,5,4,correct,77,58,6,6,7,6,6,6,correct,-1,-1,6,5,6,5,6,5,correct,53,61,6,6,7,6,6,6,correct,-1,-1,6,5,6,6,6,7,correct,-1,-1,1,2,2,2,2,2,correct,66,64,2,2,3,2,2,2,correct,73.0,66.0,6.0,5.0,6.0,6.0,6.0,6.0,correct,-1.0,-1.0,5.0,6.0,6.0,6.0,6.0,5.0
basic,2,EHB63,CX_811119429828,725,286,439,4,2,2,Automated system,6,6,6,6,truthfulness-assessment,More explainations,6,6,6,7,7,7,6,7,6,6,6,6,7,6,7,speed,21-29,Uk,university,self-employed,female,50000-74999-usd,British,6,6,6,5,7,6,6,6,7,5,7,7,7,7,7,7,7,6,7,6,6,6,6,7,6,7,7,wrong-2,72,61,7,7,6,7,6,5,correct,-1,63,5,5,6,4,6,7,wrong-1,64,-1,7,4,6,7,6,5,wrong-1,-1,55,7,5,4,5,6,7,correct,33,65,7,6,6,5,6,6,wrong-2,67,-1,6,5,6,7,7,6,correct,41.0,29.0,7.0,4.0,6.0,5.0,7.0,7.0,correct,-1.0,-1.0,7.0,6.0,5.0,6.0,7.0,6.0
basic,2,Md75,CX_901441860829,1065,569,496,7,5,2,N/A,6,6,5,6,truthfulness-assessment,N/A,5,5,6,6,6,6,6,6,5,6,5,5,5,6,5,comprehensiveness,30-39,United States,university,salaried-employee,female,no-answer,American,6,6,5,5,5,5,6,6,7,6,7,7,6,7,6,6,6,6,7,6,3,6,6,6,3,6,6,correct,88,-1,6,6,6,6,6,6,correct,-1,-1,6,6,6,6,6,6,correct,-1,-1,5,6,6,6,6,6,wrong-1,-1,-1,6,6,6,6,6,6,correct,-1,-1,6,6,6,6,6,6,correct,-1,-1,3,6,6,6,6,6,correct,86.0,-1.0,6.0,6.0,6.0,6.0,6.0,6.0,correct,-1.0,-1.0,6.0,5.0,6.0,6.0,6.0,5.0
basic,2,CBA44,CX_361427770405,3099,2198,901,8,6,2,Detecting SDG correctly when it was on stated in one sentence ,3,6,6,6,truthfulness-assessment,"Specific information, measurable, achievable goals, relevant ",4,4,6,5,6,7,6,5,4,5,4,4,5,6,6,comprehensiveness,30-39,United States,high-school,student,female,50000-74999-usd,American,5,3,5,4,3,3,6,7,7,6,7,7,6,6,7,6,7,7,6,6,2,7,6,6,2,6,7,correct,88,82,7,7,7,7,7,7,correct,-1,-1,7,7,7,7,7,7,correct,44,52,7,7,7,7,7,7,correct,-1,-1,7,7,7,7,7,7,correct,-1,-1,3,7,7,7,7,7,correct,49,47,2,7,7,7,7,7,correct,81.0,61.0,7.0,7.0,7.0,7.0,7.0,7.0,correct,-1.0,-1.0,7.0,7.0,7.0,7.0,7.0,7.0
basic,2,LJL08,CX_771445312221,828,571,257,5,3,2,Source,5,4,6,7,truthfulness-assessment,Dates,5,5,5,6,6,5,6,5,4,5,6,6,3,5,6,comprehensiveness,30-39,Us ,university,salaried-employee,male,50000-74999-usd,Us,5,2,5,3,4,2,2,6,5,7,7,7,7,4,4,4,7,7,7,6,3,4,6,5,6,4,5,wrong-2,75,70,7,5,5,4,6,6,wrong-2,-1,61,7,7,5,5,4,6,correct,45,-1,5,7,4,6,6,7,correct,49,43,7,4,3,4,6,5,correct,50,75,7,4,6,5,5,4,wrong-1,-1,55,7,6,6,6,7,7,correct,54.0,-1.0,6.0,6.0,5.0,4.0,6.0,6.0,correct,51.0,21.0,5.0,6.0,6.0,7.0,3.0,5.0
basic,2,Cwb20,CX_97702417282,1523,804,719,8,6,2,Selections to choose from for each area. ,5,6,5,5,truthfulness-assessment,What key criteria triggers the positive result for AI,6,3,7,7,7,7,6,6,6,5,5,5,5,6,6,comprehensiveness,50-59,UK,high-school,salaried-employee,female,75000-99999-usd,British,5,4,3,6,5,1,2,5,7,3,7,7,4,7,6,7,7,7,5,6,2,7,7,6,3,6,7,correct,71,66,6,7,7,7,7,7,correct,-1,-1,6,7,7,7,6,7,correct,51,52,6,7,7,7,6,7,correct,-1,-1,7,7,7,7,6,7,correct,-1,-1,6,7,7,7,7,7,correct,33,57,4,7,7,7,6,7,correct,91.0,94.0,7.0,7.0,7.0,7.0,6.0,7.0,correct,-1.0,-1.0,2.0,6.0,7.0,6.0,5.0,7.0
salient,2,SJS97,CX_40555030233,1434,796,638,8,6,2,Information about how it is making its judgments,3,4,4,4,text-highlights,Factual data relating to the goal in question,4,6,5,5,5,5,4,4,4,5,3,3,3,4,3,comprehensiveness,40-49,United Kingdom,university,self-employed,female,35000-49999-usd,British,4,3,5,3,3,3,4,4,5,5,7,7,6,5,6,6,7,7,7,5,3,5,5,4,4,5,5,correct,62,58,7,6,6,6,6,6,correct,-1,-1,7,4,6,4,6,4,correct,37,38,7,6,6,6,6,6,correct,-1,-1,7,4,6,4,6,6,correct,-1,-1,2,4,3,3,6,4,correct,47,57,2,4,3,3,5,4,correct,72.0,67.0,7.0,6.0,6.0,6.0,6.0,6.0,correct,-1.0,-1.0,7.0,4.0,6.0,4.0,6.0,4.0
salient,2,FDA73,CX_97763898065,5217,3610,1607,7,5,2,Sustainability ,7,7,6,7,text-highlights,Gender based ,7,7,7,6,6,6,7,7,7,7,7,6,7,7,7,speed,21-29,United Kingdom,university,salaried-employee,male,20000-34999-usd,Nigerian,7,6,5,6,7,7,7,7,7,7,7,7,7,7,7,5,7,7,7,7,6,6,7,7,6,7,7,correct,87,58,7,7,7,7,6,7,correct,-1,-1,4,5,5,5,5,5,wrong-2,45,57,7,7,7,7,6,7,correct,-1,-1,7,5,4,5,6,4,correct,56,-1,7,7,7,7,6,7,correct,-1,52,7,7,7,7,6,7,correct,86.0,66.0,7.0,7.0,7.0,7.0,7.0,7.0,correct,-1.0,-1.0,3.0,6.0,3.0,5.0,6.0,2.0
salient,2,jrc88,CX_09727584668,1228,691,537,8,6,2,NA,7,7,7,7,truthfulness-assessment,NA,6,4,7,7,7,7,7,7,7,7,7,7,7,7,7,comprehensiveness,40-49,England,university,salaried-employee,male,50000-74999-usd,British,6,6,4,6,7,4,7,5,6,6,7,7,7,5,6,6,7,7,7,7,3,7,7,7,3,6,7,correct,87,86,7,7,7,7,7,7,correct,-1,-1,7,7,7,7,7,7,correct,45,56,7,7,7,7,7,7,correct,15,-1,7,7,7,7,7,7,correct,-1,-1,7,7,7,7,7,7,correct,-1,-1,7,7,7,7,7,7,correct,86.0,86.0,7.0,7.0,7.0,7.0,7.0,7.0,correct,-1.0,-1.0,7.0,7.0,7.0,7.0,7.0,7.0
salient,2,JDP35,CX_65866460288,1257,590,667,6,4,2,N/A,6,6,6,6,truthfulness-assessment,NA,5,4,6,6,6,6,6,6,6,6,6,6,6,6,6,comprehensiveness,40-49,United Kingdom ,secondary,salaried-employee,female,20000-34999-usd,American ,6,4,2,6,6,1,2,5,5,4,7,7,7,7,6,5,7,7,7,7,7,7,7,7,7,7,7,correct,53,51,7,7,7,7,7,7,correct,-1,52,7,6,7,7,7,7,correct,51,53,7,7,7,7,7,7,wrong-2,-1,57,6,6,6,6,6,6,wrong-1,58,50,7,7,7,7,7,7,correct,-1,48,7,6,6,6,7,7,correct,60.0,54.0,7.0,7.0,7.0,7.0,7.0,7.0,correct,-1.0,55.0,7.0,6.0,7.0,6.0,7.0,7.0
salient,2,DLL27,CX_61956114485,1653,980,673,8,6,2,Unsure,6,6,4,4,factuality-eval,Unsure,5,4,6,6,6,6,5,5,5,6,6,5,3,6,6,comprehensiveness,50-59,United States ,university,unemployed,female,over-100000-usd,American ,6,6,3,6,6,3,4,4,4,5,6,6,3,4,4,5,7,5,3,5,4,6,5,5,4,6,6,correct,82,75,6,6,6,6,6,6,correct,-1,-1,2,2,2,2,6,2,correct,44,33,6,6,6,6,6,6,correct,-1,-1,2,2,2,2,6,6,correct,56,-1,2,2,2,2,6,2,correct,-1,-1,6,6,6,6,6,6,correct,86.0,83.0,6.0,6.0,6.0,2.0,6.0,6.0,correct,-1.0,-1.0,2.0,6.0,6.0,2.0,6.0,2.0
salient,2,BJI91,CX_2572548965,1566,722,844,8,6,2,The ability to ask if the user agrees or has feedback ,6,6,6,5,truthfulness-assessment,The  highlighting ,5,3,6,5,5,5,5,5,2,5,4,3,5,5,5,comprehensiveness,30-39,England,university,salaried-employee,male,no-answer,British ,5,5,3,5,5,1,5,6,7,5,6,7,7,4,6,2,6,6,6,4,4,4,4,4,4,4,4,correct,66,64,7,7,7,7,7,7,correct,-1,-1,7,7,7,7,7,7,correct,42,29,7,7,7,7,7,7,correct,-1,-1,7,7,7,7,7,7,correct,-1,-1,1,1,1,1,7,1,correct,65,64,1,1,1,1,1,1,correct,65.0,68.0,6.0,7.0,7.0,7.0,7.0,7.0,correct,-1.0,69.0,7.0,7.0,7.0,7.0,7.0,7.0
salient,2,WEM51,CX_821437794238,2728,1795,933,8,6,2,To better understand the intent behind the statements in the text. To better distinguish between aspiration and meaningful action.,4,5,5,5,text-highlights,The AI needs to better understand the many ways in which the SDG may be present in a text without this being stated or referred to explicitly. I would like the AI to be capable of a more subtle analysis.of the text in order to achieve this.,3,4,3,3,2,3,2,3,2,2,2,2,5,5,6,comprehensiveness,50-59,United Kingdom,university,self-employed,male,20000-34999-usd,British,5,2,4,4,4,1,7,6,7,7,7,7,7,5,6,6,7,7,7,5,5,4,4,4,5,4,4,correct,76,72,7,5,6,6,7,6,correct,-1,-1,7,5,5,5,7,5,correct,33,31,7,5,5,5,7,5,correct,-1,-1,7,5,5,5,7,5,correct,-1,-1,2,2,2,2,7,2,correct,65,65,2,3,2,2,7,2,correct,85.0,80.0,6.0,5.0,5.0,5.0,7.0,5.0,correct,-1.0,-1.0,7.0,5.0,5.0,5.0,7.0,5.0
salient,2,maf07,CX_951433983687,1368,788,580,7,5,2,a back button,6,7,6,5,truthfulness-assessment,word count and percentage of sdg in that word count,5,4,6,6,6,6,5,5,6,6,5,5,6,7,7,comprehensiveness,50-59,us,university,salaried-employee,male,50000-74999-usd,american ,7,4,5,5,7,3,7,6,6,5,7,7,5,7,5,7,7,7,5,7,3,7,7,7,3,5,7,wrong-2,80,82,7,7,7,7,7,7,correct,-1,-1,7,7,7,7,7,7,correct,50,57,7,7,7,7,7,7,correct,-1,45,7,7,7,7,7,7,correct,48,-1,7,7,7,7,7,7,correct,24,55,3,7,4,4,7,7,correct,81.0,72.0,7.0,7.0,7.0,7.0,7.0,7.0,correct,-1.0,-1.0,7.0,7.0,7.0,7.0,7.0,7.0
salient,2,CBL01,CX_83101295601,1343,755,588,7,5,2,None,5,6,6,6,text-highlights,All ,6,4,6,7,5,5,6,7,7,5,5,5,5,7,7,comprehensiveness,50-59,England ,high-school,other,female,35000-49999-usd,British ,5,5,4,4,5,4,6,5,5,6,7,7,6,4,6,6,6,6,6,6,2,6,6,6,3,7,6,correct,75,55,7,7,7,7,7,7,wrong-2,-1,-1,7,7,7,7,7,7,correct,50,60,7,7,7,7,7,7,correct,-1,-1,7,7,7,7,7,7,correct,48,-1,7,7,7,7,7,7,correct,-1,42,7,7,7,7,7,7,correct,86.0,81.0,7.0,7.0,7.0,7.0,7.0,7.0,correct,-1.0,-1.0,7.0,7.0,7.0,7.0,7.0,7.0
salient,2,X,CX_181422052084,1510,800,710,6,4,2,AI system ,6,6,7,6,truthfulness-assessment,AI ,7,7,6,7,7,6,6,5,6,6,7,6,6,6,7,comprehensiveness,30-39,United States ,university,salaried-employee,male,20000-34999-usd,American ,7,7,6,6,4,7,5,6,7,7,7,7,6,7,7,6,7,7,5,6,6,6,6,7,7,7,5,wrong-2,-1,-1,6,6,6,7,7,6,correct,-1,-1,6,7,7,6,7,7,correct,-1,-1,7,7,6,5,6,7,correct,-1,-1,6,6,7,7,5,7,wrong-2,-1,-1,7,7,7,6,7,6,correct,-1,-1,6,6,7,6,7,6,correct,-1.0,-1.0,7.0,6.0,7.0,6.0,6.0,6.0,correct,-1.0,-1.0,7.0,6.0,7.0,7.0,6.0,7.0
salient,2,HYL08,CX_281395859836,1384,1000,384,8,6,2,Highlight where the SDG is present ,6,6,5,5,truthfulness-assessment,Evidence for percentage ,5,4,6,7,5,5,6,6,2,7,5,5,5,6,6,speed,21-29,United Kingdom,university,salaried-employee,female,50000-74999-usd,Bulgarian,6,6,5,5,5,7,5,6,6,6,7,7,7,4,4,3,7,5,4,6,6,6,5,6,6,5,6,correct,71,55,7,6,7,6,6,6,correct,-1,-1,7,6,7,6,6,7,correct,42,40,7,6,6,6,6,6,correct,-1,-1,7,6,7,7,6,7,correct,-1,-1,7,6,6,6,6,7,correct,-1,-1,7,6,7,7,6,7,correct,86.0,84.0,7.0,6.0,7.0,7.0,7.0,6.0,correct,-1.0,-1.0,7.0,6.0,7.0,7.0,6.0,6.0
salient,2,cmb34,CX_33277994639,2743,1274,1469,8,6,2,Not too sure ,5,7,7,7,text-highlights,I'm not sure ,5,5,6,6,6,6,6,6,3,6,5,5,5,3,7,comprehensiveness,40-49,USA ,university,salaried-employee,female,50000-74999-usd,White ,6,4,5,5,6,1,6,6,5,7,7,7,4,2,5,5,7,7,7,7,1,7,6,5,2,7,7,correct,73,77,6,7,7,7,7,7,correct,9,12,5,5,5,5,7,7,correct,29,26,3,7,6,5,7,6,correct,-1,-1,2,7,7,3,7,7,correct,-1,-1,3,7,3,3,7,4,correct,27,31,4,7,5,7,7,3,correct,75.0,53.0,6.0,7.0,7.0,7.0,7.0,7.0,correct,5.0,-1.0,3.0,3.0,3.0,3.0,6.0,5.0
salient,2,ARO51,CX_15425948815,1795,1252,543,8,6,2,Program more specific identifying keywords into the AI language,5,5,5,3,text-highlights,I would like to receive a more thorough explanation of SDGs as far as what should be considered andnl not,5,5,6,5,6,6,6,5,4,6,5,4,5,5,5,comprehensiveness,30-39,United States of America,high-school,salaried-employee,male,20000-34999-usd,American,5,3,5,3,5,1,4,5,5,6,5,7,4,4,4,4,7,7,7,7,1,7,7,7,1,6,7,correct,88,91,7,7,7,7,7,7,correct,-1,-1,7,7,7,7,7,7,correct,45,91,5,7,6,6,7,7,correct,-1,-1,7,7,7,7,7,7,correct,-1,-1,1,3,1,1,7,1,correct,65,62,1,1,1,1,1,1,correct,86.0,86.0,7.0,7.0,7.0,7.0,7.0,7.0,correct,-1.0,-1.0,7.0,7.0,7.0,7.0,7.0,7.0
salient,2,Mml98,CX_071447141432,412,258,154,4,2,2,Emphasis,4,4,4,4,factuality-eval,Nothing ,5,4,4,5,4,5,4,4,4,4,4,4,4,4,4,speed,21-29,United States,high-school,self-employed,male,50000-74999-usd,American ,4,4,4,4,4,5,5,5,5,5,6,6,6,6,6,6,6,6,6,4,4,4,4,4,4,4,4,wrong-2,58,58,4,4,4,4,4,4,correct,57,58,4,4,4,4,4,4,wrong-2,59,55,4,4,4,4,4,4,wrong-2,59,57,4,4,4,4,4,4,correct,53,57,4,4,4,4,4,4,wrong-1,58,42,4,4,4,4,4,4,correct,53.0,58.0,4.0,4.0,4.0,4.0,4.0,4.0,correct,62.0,54.0,4.0,4.0,4.0,4.0,4.0,4.0
salient,2,CGH22,CX_3019482577,2776,1447,1329,8,6,2,Counts,6,5,5,3,tense-eval,High light figures,5,5,5,5,5,5,5,3,5,5,3,3,3,6,6,comprehensiveness,30-39,United kingdom  (England),university,self-employed,female,over-100000-usd,British ,6,2,6,3,3,3,4,6,7,5,6,7,7,2,4,5,6,6,7,4,3,5,5,5,5,5,6,correct,77,77,6,6,6,6,6,6,correct,-1,-1,6,6,6,6,6,6,correct,31,26,3,5,5,3,6,6,correct,-1,-1,7,6,5,6,7,6,correct,-1,-1,1,3,3,3,6,3,correct,22,-1,3,5,5,5,6,5,correct,74.0,71.0,5.0,5.0,5.0,6.0,7.0,6.0,correct,-1.0,-1.0,7.0,6.0,6.0,6.0,7.0,5.0
salient,2,Lwm58,CX_45177122607,1164,531,633,8,6,2,More work on accurate tense,5,5,5,5,factuality-eval,Source of articles ,5,5,6,7,6,6,6,6,3,6,5,5,5,5,5,comprehensiveness,30-39,United States of America ,high-school,unemployed,female,20000-34999-usd,Scottish ,5,5,5,3,5,4,7,6,6,6,7,7,7,4,6,5,7,7,6,7,2,7,7,7,1,7,7,correct,63,67,6,6,6,6,6,6,correct,-1,-1,7,7,7,7,7,7,correct,66,72,6,6,6,6,6,6,correct,-1,-1,7,7,7,7,7,7,correct,49,-1,5,5,5,5,5,5,correct,36,38,3,3,3,3,3,3,correct,86.0,75.0,7.0,6.0,6.0,6.0,7.0,7.0,correct,-1.0,-1.0,7.0,6.0,6.0,6.0,7.0,6.0
salient,2,X,CX_601443747238,2167,1154,1013,7,5,2,Option commands,6,4,6,5,text-highlights,Use in other areas,6,4,6,6,6,6,6,6,5,4,6,4,6,7,7,comprehensiveness,21-29,UK,university,self-employed,female,less-than-20000-usd,Turkish ,6,4,4,4,6,3,6,5,5,6,7,6,7,6,5,6,6,6,6,5,6,6,6,4,6,6,6,correct,87,75,6,6,6,6,6,6,correct,-1,62,6,6,6,6,6,6,correct,60,71,6,6,6,6,6,6,wrong-2,-1,-1,6,6,6,6,6,6,correct,64,67,6,6,6,6,6,6,correct,85,81,2,6,2,1,6,2,correct,66.0,66.0,6.0,5.0,6.0,6.0,7.0,7.0,correct,69.0,67.0,6.0,6.0,6.0,6.0,7.0,6.0
salient,2,DL12,CX_021340620848,2493,1607,886,8,6,2,A keyword search section to see if it automatically highlights while looking at the text ( hope that makes sense ) haha ,6,5,7,7,truthfulness-assessment,Maybe a highlight system of keywords the AI system could pick up in relation to the 17 goals SDG 5 might mention,5,3,5,6,5,5,5,5,6,5,6,5,5,7,6,comprehensiveness,30-39,United Kingdom,university,self-employed,male,20000-34999-usd,British ,5,5,3,5,5,1,7,6,7,7,5,7,6,5,7,4,7,7,7,6,3,6,7,7,2,6,6,correct,79,84,7,7,7,7,7,7,correct,-1,-1,7,7,7,7,7,7,correct,56,66,7,6,5,6,7,5,correct,-1,-1,7,7,7,7,7,7,correct,-1,-1,2,3,2,2,7,6,correct,74,82,2,4,2,2,7,2,correct,80.0,79.0,7.0,7.0,7.0,7.0,7.0,7.0,correct,-1.0,-1.0,7.0,7.0,6.0,7.0,7.0,6.0
salient,2,enm75,CX_26277669441,1634,738,896,7,5,2,Ability to highlight text as I am reading,3,6,5,6,text-highlights,Can’t think of any,4,6,5,5,5,5,5,5,5,4,4,5,4,6,6,comprehensiveness,50-59,United states,university,salaried-employee,female,35000-49999-usd,American,4,3,6,3,4,2,3,4,5,4,7,4,4,7,4,4,7,6,4,6,4,5,6,6,4,5,6,correct,73,56,7,7,7,7,7,7,correct,45,51,5,7,6,6,7,6,wrong-2,57,82,7,7,7,7,7,7,correct,-1,-1,7,7,7,7,7,7,correct,77,89,7,7,7,7,7,7,correct,75,88,5,7,7,7,7,7,correct,79.0,72.0,7.0,7.0,7.0,7.0,7.0,7.0,correct,42.0,44.0,5.0,7.0,7.0,6.0,7.0,6.0
salient,2,TJC97,CX_46112289636,1026,573,453,6,4,2,Better understanding ,5,4,4,3,truthfulness-assessment,Better understanding ,4,5,5,5,5,5,5,4,4,4,3,4,4,3,4,comprehensiveness,30-39,United States,high-school,self-employed,female,no-answer,White,5,4,4,4,4,1,4,3,3,5,6,7,6,2,4,4,6,5,6,2,7,3,4,4,5,2,3,correct,60,47,5,4,5,6,4,5,wrong-1,51,51,5,4,5,4,3,3,correct,46,65,5,4,5,5,5,5,wrong-1,58,46,4,4,4,4,4,4,correct,49,47,4,4,4,4,4,5,correct,-1,51,2,3,4,4,3,4,correct,64.0,57.0,6.0,3.0,5.0,6.0,4.0,5.0,correct,56.0,55.0,6.0,6.0,5.0,5.0,4.0,4.0
salient,2,EMC40,CX_341445995246,2477,1680,797,8,6,2,Percentage of text that covers SDG,5,7,7,6,text-highlights,Recognizing “women” and “equality” consistently. ,4,5,5,6,5,6,6,5,4,2,4,3,3,6,6,comprehensiveness,30-39,United States,university,self-employed,female,20000-34999-usd,American ,6,5,3,5,3,3,5,6,6,7,7,7,7,4,6,6,5,7,7,4,4,4,4,4,4,5,4,correct,69,62,7,6,6,5,6,7,correct,-1,-1,7,5,6,4,7,7,correct,41,51,6,6,6,7,6,5,correct,-1,-1,7,7,6,7,7,7,correct,-1,-1,2,2,4,1,5,3,correct,35,62,3,3,3,4,5,4,correct,71.0,42.0,6.0,6.0,6.0,6.0,7.0,5.0,correct,-1.0,-1.0,7.0,6.0,7.0,5.0,7.0,7.0
salient,2,RTD51,CX_051438506848,2223,1494,729,6,4,2,It picks up sdgs but sometimes it says it picks up an sdg but the sdg isn't present. ,5,7,7,7,text-highlights,I'm not entirely sure,5,5,5,7,5,5,7,2,1,5,4,4,7,7,7,comprehensiveness,21-29,United States,high-school,unemployed,female,less-than-20000-usd,White,7,4,5,5,7,5,5,7,7,5,6,7,7,7,7,7,7,7,1,7,1,7,7,7,1,7,7,correct,54,-1,7,7,7,7,7,7,wrong-1,-1,-1,7,7,7,7,7,7,correct,45,73,7,7,7,7,7,7,correct,-1,-1,7,7,7,7,7,7,correct,-1,-1,1,7,1,1,7,7,wrong-2,81,82,1,7,1,1,7,7,correct,89.0,82.0,7.0,7.0,7.0,7.0,7.0,7.0,correct,-1.0,-1.0,7.0,7.0,7.0,7.0,7.0,7.0
salient,2,lxc42,CX_341447309451,1561,818,743,7,5,2,I don't know,2,5,6,2,factuality-eval,All the SDG's,7,7,7,7,7,7,7,3,5,7,6,6,4,7,7,speed,18-20,Usa,high-school,salaried-employee,female,less-than-20000-usd,Black,2,3,2,4,4,4,4,4,4,5,2,7,3,2,3,4,4,4,2,7,3,6,7,7,5,7,7,correct,-1,87,7,7,7,7,7,7,correct,-1,-1,7,7,7,7,7,7,wrong-1,54,52,7,7,7,7,7,7,correct,-1,-1,7,7,7,7,7,7,correct,17,-1,5,5,5,5,5,5,correct,43,45,4,4,4,4,4,4,correct,96.0,100.0,7.0,7.0,7.0,7.0,7.0,7.0,correct,-1.0,-1.0,7.0,7.0,7.0,7.0,7.0,7.0
salient,2,Cdb56,CX_161331121203,3124,2052,1072,8,6,2,Nothing I think,5,5,4,4,text-highlights,More about poverty ,3,5,5,5,4,4,5,4,3,5,3,2,7,5,4,comprehensiveness,40-49,United States ,high-school,salaried-employee,female,less-than-20000-usd,Indian,5,1,5,4,2,1,3,4,4,3,7,7,7,7,7,7,3,4,6,5,2,5,4,5,2,5,5,correct,40,47,7,7,7,7,7,7,correct,-1,-1,7,7,7,7,7,7,correct,52,61,6,6,6,6,6,6,correct,-1,-1,7,7,7,7,7,7,correct,40,-1,6,6,6,6,6,6,correct,-1,54,7,5,5,5,6,5,correct,67.0,60.0,6.0,6.0,6.0,6.0,6.0,6.0,correct,-1.0,-1.0,7.0,7.0,7.0,7.0,7.0,7.0
salient,2,Slc35,CX_16450700679,2609,1592,1017,7,5,2,A search button,5,5,4,4,text-highlights,More information company s reputation ,5,3,5,6,5,5,5,5,6,5,4,3,5,5,5,comprehensiveness,50-59,United States ,high-school,self-employed,female,75000-99999-usd,White ,6,5,3,5,5,1,6,6,6,6,7,7,7,4,7,5,7,7,6,5,3,5,5,6,3,5,5,wrong-2,81,44,6,6,6,6,6,6,correct,-1,-1,7,7,7,7,6,6,correct,49,60,6,6,6,6,6,6,correct,-1,-1,7,7,7,7,6,7,correct,-1,-1,2,3,4,4,4,5,correct,55,61,2,3,3,3,3,4,correct,89.0,85.0,7.0,7.0,7.0,7.0,6.0,6.0,correct,-1.0,-1.0,7.0,7.0,7.0,7.0,6.0,7.0
salient,2,Tjs61,CX_791441210856,3136,1618,1518,7,5,2,Sell blogs,4,6,4,3,truthfulness-assessment,Why is this so important ,6,4,6,7,6,6,6,7,4,3,2,4,2,5,5,comprehensiveness,30-39,America ,high-school,self-employed,male,50000-74999-usd,White ,3,2,4,2,4,3,2,4,6,4,7,7,3,1,7,1,3,7,1,6,2,2,4,6,2,4,6,correct,-1,-1,6,4,6,5,6,5,correct,-1,-1,7,4,7,5,7,7,correct,-1,-1,6,2,7,6,7,7,correct,-1,-1,7,6,7,7,7,7,wrong-1,-1,-1,6,5,6,5,6,6,correct,-1,-1,2,2,2,2,2,2,correct,-1.0,-1.0,6.0,5.0,7.0,5.0,5.0,6.0,correct,-1.0,-1.0,3.0,2.0,2.0,2.0,3.0,3.0
salient,2,MWP95,CX_771424599288,5080,700,4380,8,6,2,A short summary of the article.,3,3,3,3,text-highlights,I can't think of anything else.,4,5,5,5,5,5,4,3,5,3,3,3,3,3,3,comprehensiveness,21-29,United States ,university,salaried-employee,female,35000-49999-usd,White,3,4,5,3,3,1,3,5,5,6,7,7,5,6,4,7,7,5,4,4,3,5,5,5,3,5,5,correct,79,72,6,7,6,7,6,6,correct,-1,-1,6,7,6,7,6,6,correct,41,41,6,7,7,7,6,7,correct,-1,-1,7,6,6,6,6,6,correct,-1,-1,3,4,6,5,5,6,correct,56,57,2,5,5,5,3,5,correct,83.0,61.0,7.0,7.0,7.0,7.0,6.0,7.0,correct,-1.0,-1.0,7.0,4.0,6.0,7.0,6.0,6.0
salient,2,SMB21,CX_961447278659,2456,1507,949,7,5,2,Transform our world.,5,6,6,6,truthfulness-assessment,How well the report stayed on topic.,5,5,6,6,6,6,6,6,3,6,6,5,5,6,6,comprehensiveness,30-39,United States,university,salaried-employee,female,35000-49999-usd,African American,6,5,5,6,6,5,6,6,5,6,7,7,7,6,7,6,6,6,5,6,5,5,6,6,5,5,6,correct,86,81,6,6,6,6,6,6,correct,-1,-1,6,6,6,6,6,6,correct,58,76,6,6,6,6,6,6,wrong-2,-1,-1,6,6,6,6,6,6,correct,-1,32,6,6,6,6,6,6,correct,-1,70,6,6,6,6,6,6,correct,86.0,78.0,6.0,6.0,6.0,6.0,6.0,6.0,correct,-1.0,43.0,5.0,6.0,5.0,5.0,5.0,6.0
salient,2,Djo11,CX_501444793061,2334,1220,1114,8,6,2,An explanation to why it chose to highlight the sections it did.,6,3,4,2,text-highlights,What the ai standards for the credibility of the examples of sdg5,4,6,3,5,3,4,1,1,2,4,2,2,6,3,4,comprehensiveness,30-39,United states,university,student,male,less-than-20000-usd,White,6,3,4,6,5,4,7,6,6,6,7,7,6,7,6,5,7,7,7,2,6,3,2,2,6,2,2,correct,77,62,6,4,6,4,6,5,correct,-1,-1,7,6,6,6,6,6,correct,30,22,7,5,6,4,7,5,correct,-1,-1,7,5,6,5,7,6,correct,-1,-1,3,1,2,1,3,2,correct,-1,-1,6,3,4,3,6,5,correct,70.0,39.0,7.0,5.0,5.0,4.0,6.0,6.0,correct,-1.0,-1.0,7.0,5.0,6.0,4.0,5.0,6.0
salient,2,Grg45,CX_17785843891,4192,1751,2441,8,6,2,Maybe something to let the ai system know the user believes the ai system to be wrong during any part of the report reading. Like a specific option saying the ai system isn't correct or it is so there's more positive or negative feedback given to the ai,6,6,7,6,truthfulness-assessment,So far I think what I'm being given is enough to help determine the content in the reports,6,2,6,6,6,6,6,6,4,5,5,5,6,6,6,comprehensiveness,30-39,Usa,university,salaried-employee,male,35000-49999-usd,American,6,6,3,5,6,1,4,4,5,5,6,7,6,3,4,6,5,6,6,6,2,6,6,6,2,6,6,correct,64,50,6,6,6,6,6,6,correct,-1,-1,7,6,6,6,6,6,correct,14,-1,6,7,6,6,7,6,correct,-1,-1,4,6,5,5,6,6,correct,-1,-1,3,6,6,5,6,6,correct,42,41,6,6,6,6,7,6,correct,74.0,60.0,6.0,6.0,6.0,6.0,6.0,6.0,correct,-1.0,-1.0,4.0,6.0,6.0,6.0,6.0,6.0
salient,2,Cm58,CX_741275729487,2766,1306,1460,6,4,2,Stars with how we did,5,6,6,5,text-highlights,Give the ones that are not there to better help understand what was missing for people to understand the task if un able to understand the key points.,5,3,6,6,6,6,6,5,2,5,4,4,5,6,6,comprehensiveness,40-49,United States,university,self-employed,female,35000-49999-usd,White,5,4,3,5,5,6,6,5,5,6,7,7,7,7,7,4,5,6,7,6,2,6,6,6,2,5,6,correct,65,68,6,6,6,6,6,6,correct,-1,-1,6,6,6,6,6,6,wrong-1,55,-1,6,6,6,6,6,6,wrong-2,-1,-1,6,6,6,6,6,6,correct,61,57,6,6,6,6,6,6,correct,-1,71,6,6,6,6,6,6,correct,-1.0,-1.0,4.0,6.0,6.0,5.0,6.0,6.0,correct,-1.0,-1.0,6.0,6.0,6.0,7.0,6.0,6.0
salient,2,Jsg41,CX_141293931690,3004,2033,971,8,6,2,Idk,5,6,6,6,truthfulness-assessment,Idk,5,4,6,6,6,5,6,6,4,6,5,4,5,6,6,comprehensiveness,40-49,Isa,high-school,salaried-employee,female,over-100000-usd,American,5,3,4,5,4,1,1,2,5,4,7,7,7,1,3,7,4,6,4,6,1,7,7,7,1,7,6,correct,76,85,7,7,7,7,7,7,correct,-1,-1,7,7,7,7,7,7,correct,53,43,7,7,7,7,7,7,correct,-1,-1,7,7,7,7,7,7,correct,-1,-1,1,6,7,2,6,7,correct,32,38,3,7,7,7,7,7,correct,77.0,59.0,7.0,7.0,7.0,7.0,7.0,7.0,correct,-1.0,79.0,7.0,7.0,4.0,6.0,7.0,4.0
salient,2,Jrs40,CX_531420637490,2306,1807,499,5,3,2,Tone,6,7,7,7,truthfulness-assessment,Outcome ,6,4,3,7,6,6,7,7,7,5,7,7,7,7,6,comprehensiveness,30-39,Usa,high-school,unemployed,female,20000-34999-usd,Caucasian ,7,7,7,7,7,6,7,6,6,6,6,7,6,6,5,6,7,6,6,6,3,6,6,7,3,6,7,correct,-1,-1,7,7,6,6,6,7,wrong-2,-1,-1,7,6,6,6,6,6,correct,-1,-1,6,7,7,7,7,7,wrong-2,-1,-1,7,5,6,5,6,6,wrong-2,-1,-1,7,6,7,7,6,7,correct,-1,-1,7,7,7,7,7,7,correct,-1.0,-1.0,5.0,6.0,6.0,4.0,3.0,6.0,correct,-1.0,-1.0,6.0,7.0,6.0,5.0,6.0,7.0
salient,2,CRD07,CX_171405695233,2853,1831,1022,8,6,2,Apply outside sourced data if deemed appropriate in terms of getting a broader understanding using that data ,5,6,6,6,factuality-eval,"Incorporate contextual analysis as needed, when context has been determined to be accurate and relevant ",5,4,6,6,5,5,6,6,6,6,4,4,5,6,6,comprehensiveness,21-29,United States,high-school,self-employed,female,less-than-20000-usd,American ,6,5,5,6,6,4,4,4,5,4,7,7,6,6,4,3,7,7,7,7,2,6,7,6,2,6,7,correct,87,80,7,7,7,7,7,7,correct,-1,-1,7,7,7,7,7,7,correct,45,33,7,7,7,7,7,7,correct,-1,-1,7,7,7,7,7,7,correct,-1,-1,1,2,2,2,7,5,correct,35,44,1,2,2,2,7,2,correct,86.0,40.0,7.0,7.0,7.0,7.0,7.0,7.0,correct,-1.0,-1.0,7.0,7.0,7.0,7.0,7.0,7.0
salient,2,MEC22,CX_261429529892,3050,1677,1373,7,5,2,A different colour highlight where the Ai system is certain and one where it is hopeful/reasonably certain. ,5,6,5,6,factuality-eval,A sign of a companys track record vis a vis projected SDG steps,6,2,6,6,6,6,6,6,2,5,5,5,6,5,5,comprehensiveness,60-or-older,United Kingdom ,high-school,self-employed,male,no-answer,English,4,4,2,6,6,4,6,6,6,5,6,7,7,6,6,4,7,7,6,6,2,6,6,6,2,6,6,correct,56,54,6,6,6,7,6,6,correct,-1,-1,6,6,6,6,6,7,correct,47,44,6,6,6,6,6,6,correct,-1,-1,6,6,6,6,6,6,correct,-1,-1,4,4,4,4,6,6,wrong-2,50,59,2,2,2,2,6,2,correct,86.0,83.0,6.0,7.0,6.0,6.0,6.0,6.0,correct,-1.0,-1.0,6.0,7.0,6.0,6.0,6.0,6.0
salient,2,LGB31,CX_241235920646,2649,1570,1079,8,6,2,Being able to ask the AI a question to determine accuracy. ,6,6,7,7,text-highlights,A deeper understanding of SDG,6,2,6,6,6,6,7,6,7,6,6,6,6,6,6,comprehensiveness,40-49,United States ,university,self-employed,female,over-100000-usd,African American ,6,6,2,6,6,2,4,5,5,6,6,6,5,5,4,3,6,6,4,6,1,6,6,6,1,6,6,correct,76,53,7,7,7,7,7,7,correct,-1,-1,7,7,7,7,7,7,correct,55,61,7,7,7,7,7,7,correct,-1,-1,7,7,7,7,7,7,correct,-1,-1,3,6,6,6,6,6,correct,38,41,2,2,2,2,7,2,correct,85.0,83.0,7.0,7.0,7.0,7.0,7.0,7.0,correct,-1.0,-1.0,7.0,7.0,7.0,7.0,7.0,7.0
salient,2,MAG28,CX_591411987494,2214,1362,852,8,6,2,For me updated study materials ,6,5,7,7,text-highlights,"Word women, girl, female should be highlighted ",6,5,6,6,5,6,5,7,6,6,6,6,6,6,6,comprehensiveness,30-39,United Kingdom ,university,student,male,20000-34999-usd,Pakistan,5,5,4,5,6,4,6,7,7,7,7,7,7,7,6,5,7,7,7,7,2,6,7,6,3,6,6,correct,65,65,7,7,7,7,7,7,correct,-1,-1,7,7,7,7,7,7,correct,45,-1,7,7,7,7,7,7,correct,-1,-1,7,7,7,7,7,7,correct,-1,-1,2,6,2,2,4,6,correct,40,40,2,6,2,2,6,6,correct,76.0,75.0,7.0,7.0,7.0,7.0,7.0,7.0,correct,-1.0,-1.0,7.0,6.0,7.0,7.0,7.0,7.0
salient,2,EOA56,CX_271447455694,3020,1257,1763,7,5,2,Accuracy ,6,5,6,6,factuality-eval,Clear company goals ,5,6,6,5,5,5,5,3,3,5,5,5,5,6,5,comprehensiveness,21-29,United Kingdom ,university,student,female,less-than-20000-usd,Nigerian ,6,5,5,5,6,4,6,6,6,6,7,7,7,6,6,6,6,6,6,6,3,6,6,6,3,6,5,correct,73,75,7,6,6,6,6,6,correct,-1,-1,7,6,6,6,6,6,wrong-2,53,60,6,6,6,6,6,6,correct,-1,-1,7,6,6,6,6,6,correct,-1,-1,5,6,6,6,6,6,correct,40,48,5,6,6,6,6,6,correct,80.0,76.0,6.0,6.0,6.0,6.0,6.0,6.0,correct,-1.0,-1.0,7.0,6.0,6.0,6.0,6.0,6.0
salient,2,BLN33,CX_401447664895,2171,882,1289,6,4,2,Everything ,6,6,6,6,truthfulness-assessment,No information ,7,5,7,7,6,6,5,6,4,6,6,6,6,6,6,comprehensiveness,18-20,Australia ,secondary,student,female,no-answer,Indian ,6,6,4,5,5,3,6,6,6,5,3,7,7,6,6,2,7,5,5,6,4,7,4,4,4,6,5,correct,-1,-1,6,6,6,6,6,6,correct,-1,-1,6,6,5,5,6,6,wrong-1,56,-1,6,6,6,6,6,6,wrong-1,-1,-1,6,5,6,6,6,6,correct,-1,-1,5,5,5,5,5,6,correct,-1,-1,5,6,5,4,6,4,correct,-1.0,58.0,7.0,7.0,6.0,4.0,6.0,6.0,correct,-1.0,-1.0,4.0,5.0,4.0,3.0,5.0,5.0
salient,2,RJW39,CX_251158513236,3453,2092,1361,8,6,2,Better Comprehension ,2,4,4,2,text-highlights,Would reading only the highlighted texts make a clear statement of the goal,2,7,5,4,5,5,5,3,4,3,2,1,2,6,5,comprehensiveness,40-49,USA,university,self-employed,female,75000-99999-usd,American ,3,1,5,1,3,6,5,6,6,6,7,7,7,7,7,7,7,7,7,5,2,6,3,3,3,7,3,correct,91,98,7,7,7,7,7,7,correct,-1,-1,7,7,7,7,7,7,correct,34,34,7,7,7,7,7,7,correct,-1,-1,7,7,7,7,7,7,correct,-1,-1,1,1,1,1,7,5,correct,32,25,1,7,7,7,7,7,correct,100.0,100.0,6.0,7.0,7.0,7.0,6.0,7.0,correct,-1.0,-1.0,7.0,7.0,7.0,7.0,7.0,7.0
salient,2,Lec29,CX_721357521258,1358,776,582,7,5,2,Explaining what a word means,3,5,5,4,truthfulness-assessment,In depth research ,4,6,6,6,5,5,6,6,3,4,3,3,3,6,6,comprehensiveness,30-39,United States ,secondary,self-employed,female,less-than-20000-usd,American ,2,4,6,3,2,2,3,4,5,4,7,7,7,6,6,7,7,7,6,5,5,5,6,5,4,3,5,correct,87,-1,6,6,6,6,6,6,correct,-1,-1,6,6,6,6,6,6,wrong-1,-1,38,6,5,6,6,5,5,correct,-1,-1,6,6,6,6,6,6,correct,56,-1,6,6,6,6,6,6,correct,-1,37,6,6,6,6,6,6,correct,-1.0,-1.0,6.0,3.0,5.0,5.0,4.0,5.0,correct,-1.0,-1.0,7.0,6.0,6.0,6.0,5.0,3.0
salient,2,NAK98,CX_18924211479,2033,1144,889,8,6,2,Nothing,3,4,4,5,truthfulness-assessment,Nothing ,4,5,4,5,4,4,4,4,4,4,4,4,3,5,5,comprehensiveness,40-49,UK,university,salaried-employee,male,over-100000-usd,British,3,4,5,3,4,3,6,6,6,6,7,7,3,6,4,5,7,7,7,5,4,5,5,5,5,4,5,correct,86,79,7,6,6,6,6,6,correct,-1,-1,6,6,6,6,6,6,correct,50,74,6,6,6,6,6,6,correct,46,72,2,4,4,4,4,6,correct,61,-1,6,6,6,6,6,6,correct,51,52,2,4,4,4,4,4,correct,75.0,81.0,6.0,6.0,6.0,6.0,6.0,6.0,correct,70.0,73.0,2.0,6.0,4.0,2.0,6.0,6.0
salient,2,SLB24,CX_11338153406,1280,735,545,7,5,2,I have no idea. ,5,6,6,5,truthfulness-assessment,None. I thought this was fine ,5,5,5,6,5,5,6,6,2,3,4,5,4,5,6,comprehensiveness,40-49,United States,high-school,self-employed,female,less-than-20000-usd,American,5,3,5,5,3,3,4,5,5,6,7,7,3,4,5,6,7,6,5,6,3,6,4,2,3,5,6,correct,42,43,6,6,6,6,6,6,wrong-2,-1,-1,6,6,6,6,6,6,correct,38,31,6,6,6,6,6,6,correct,-1,-1,5,6,6,6,6,6,correct,-1,-1,2,6,3,3,6,6,correct,40,41,6,6,6,6,6,6,correct,78.0,87.0,5.0,6.0,6.0,5.0,7.0,6.0,correct,-1.0,-1.0,5.0,6.0,6.0,6.0,6.0,6.0
salient,2,JJA62,CX_94328042683,2491,1568,923,7,5,2,It needs to not miss info. ,4,5,5,5,text-highlights,Defining the terms concreteness in this context. ,3,5,5,5,5,5,3,3,4,5,4,4,5,5,3,comprehensiveness,30-39,USA,university,unemployed,female,75000-99999-usd,American ,5,5,6,5,4,3,4,4,6,6,6,7,7,5,5,4,6,6,6,5,3,5,6,6,1,5,5,correct,74,66,7,6,7,5,6,7,correct,-1,-1,7,6,6,5,6,6,correct,43,42,6,6,7,5,5,7,wrong-2,-1,-1,7,6,6,5,6,6,correct,-1,-1,2,4,2,4,3,2,correct,-1,55,2,4,2,4,5,2,correct,-1.0,-1.0,6.0,6.0,7.0,5.0,5.0,6.0,correct,-1.0,-1.0,7.0,6.0,7.0,5.0,6.0,7.0
salient,2,LJN68,CX_211323425246,1520,841,679,8,6,2,NA,3,4,5,4,factuality-eval,Examples,1,6,4,6,4,4,4,4,4,1,4,4,4,5,5,comprehensiveness,40-49,United States,university,student,female,less-than-20000-usd,Puerto Rican,4,2,6,1,2,1,1,5,5,4,6,6,6,1,4,4,3,3,6,4,4,4,4,4,4,4,4,correct,58,58,6,6,5,6,6,6,correct,-1,-1,2,2,2,2,2,2,correct,45,62,6,6,6,6,6,6,correct,-1,-1,4,4,4,4,4,4,correct,56,-1,6,6,6,6,6,6,correct,-1,33,4,4,4,4,4,4,correct,68.0,85.0,6.0,6.0,6.0,6.0,6.0,6.0,correct,-1.0,-1.0,2.0,6.0,6.0,6.0,7.0,7.0
salient,2,KMS1488,CX_221447765841,1326,838,488,7,5,2,Just to keep improving ,6,4,5,5,truthfulness-assessment,Worded to where normal people that don’t have a college degree can still understand what it’s explaining ,5,4,5,5,4,4,5,5,5,6,5,4,4,4,4,comprehensiveness,30-39,United States ,high-school,salaried-employee,female,50000-74999-usd,American ,6,4,5,4,2,2,6,6,5,6,6,7,6,6,4,6,6,6,6,4,2,6,5,4,2,5,6,correct,60,-1,4,4,4,4,4,4,correct,-1,50,4,4,4,4,4,4,correct,66,74,6,6,6,6,6,6,correct,-1,65,6,6,6,6,6,6,correct,58,63,6,6,6,6,6,6,wrong-1,-1,68,4,5,4,5,4,4,correct,68.0,-1.0,6.0,6.0,6.0,6.0,6.0,6.0,correct,72.0,72.0,6.0,6.0,6.0,6.0,6.0,6.0
salient,2,LT38,CX_141440475632,6148,3318,2830,8,6,2,More data to help the sdg be more accurate,4,4,6,5,factuality-eval,How to rate the quantity of sdg,3,4,3,3,4,3,4,3,4,3,3,4,4,6,6,comprehensiveness,40-49,United States ,university,self-employed,female,50000-74999-usd,Not hispanic-white,3,3,3,4,5,5,7,5,7,7,6,6,4,6,7,7,6,6,4,6,2,4,5,5,2,4,4,correct,85,83,7,7,7,7,7,7,correct,-1,-1,7,7,7,7,7,7,correct,40,26,7,7,7,7,7,7,correct,-1,-1,7,7,7,7,7,7,correct,-1,-1,2,5,3,3,4,3,correct,21,30,1,2,2,2,3,4,correct,78.0,70.0,7.0,7.0,7.0,7.0,7.0,7.0,correct,-1.0,-1.0,7.0,7.0,7.0,7.0,7.0,7.0
salient,2,Vmh45,CX_26389907483,1802,1122,680,8,6,2,"Examples of follow through, or proof of no follow through ",6,4,6,5,truthfulness-assessment,"Proof of follow through, or examples of the key elements ",5,3,5,5,5,5,6,5,6,5,4,5,6,5,5,comprehensiveness,30-39,USA,high-school,self-employed,female,20000-34999-usd,American /Caucasian ,5,5,3,5,5,1,3,4,5,5,6,7,7,4,6,6,6,6,4,4,3,5,5,4,2,5,5,correct,81,81,7,5,6,6,6,6,correct,-1,-1,7,5,6,6,6,5,correct,40,37,7,5,6,6,6,6,correct,-1,-1,7,5,6,6,6,6,correct,-1,-1,1,4,4,4,5,5,correct,30,32,2,4,5,5,5,5,correct,74.0,65.0,7.0,5.0,6.0,6.0,6.0,6.0,correct,-1.0,-1.0,6.0,5.0,6.0,5.0,6.0,6.0
salient,2,MKH16,CX_371346928453,1436,1025,411,8,6,2,N/A,6,5,6,4,factuality-eval,N/A,5,3,5,6,5,5,5,3,5,6,3,2,4,4,4,comprehensiveness,30-39,United States,high-school,salaried-employee,female,50000-74999-usd,American,6,2,4,5,5,5,4,5,6,5,7,7,6,7,6,6,7,6,6,5,2,6,5,6,2,6,6,correct,83,61,7,6,6,6,6,6,correct,-1,-1,7,6,6,6,6,6,correct,45,49,7,7,7,7,6,7,correct,-1,-1,7,6,6,6,6,6,correct,-1,-1,2,6,2,2,5,6,correct,45,50,2,6,2,2,5,2,correct,90.0,90.0,7.0,7.0,7.0,7.0,6.0,7.0,correct,-1.0,-1.0,7.0,6.0,6.0,6.0,6.0,6.0
salient,2,Lkk11,CX_311448475214,1610,814,796,6,4,2,Skimming scanning,7,6,6,6,text-highlights,Key words,7,6,7,7,7,7,7,6,7,7,6,7,7,7,7,speed,30-39,United kingdom,university,salaried-employee,male,20000-34999-usd,Srilankan,7,7,7,7,7,7,6,7,6,6,6,7,7,7,7,7,7,6,7,7,6,7,7,7,7,7,7,correct,58,51,6,6,6,5,6,5,wrong-1,-1,77,5,4,4,5,4,4,wrong-1,59,56,6,6,6,5,6,6,correct,-1,-1,6,6,6,6,6,5,correct,80,79,7,6,6,5,7,6,correct,-1,45,7,6,6,5,6,6,correct,74.0,72.0,6.0,6.0,7.0,6.0,5.0,6.0,correct,-1.0,-1.0,5.0,6.0,5.0,5.0,6.0,6.0
salient,2,DEB15,CX_731448736416,711,428,283,4,2,2,Many ,6,3,3,3,text-highlights,A lot. ,6,6,5,5,5,5,5,5,5,6,3,3,6,3,3,comprehensiveness,30-39,United States,university,salaried-employee,male,35000-49999-usd,American ,6,6,5,6,6,2,2,4,4,5,6,7,6,7,5,2,5,4,6,6,6,6,6,6,6,6,6,wrong-2,-1,-1,4,4,4,4,4,4,wrong-2,-1,-1,4,4,4,4,4,4,correct,-1,-1,7,4,4,4,4,4,wrong-1,-1,-1,7,4,4,4,4,4,correct,-1,-1,7,4,4,4,4,4,wrong-2,-1,-1,7,4,4,4,4,4,correct,-1.0,-1.0,4.0,4.0,4.0,4.0,4.0,4.0,correct,-1.0,-1.0,6.0,4.0,4.0,4.0,4.0,4.0
salient,2,Cda22,CX_251423961416,2559,1647,912,8,6,2,Correcting the problem ,7,7,6,7,text-highlights,Correctiveness of items selected ,7,1,7,7,7,7,7,7,7,7,6,7,7,7,7,comprehensiveness,21-29,United States,high-school,salaried-employee,female,20000-34999-usd,White,7,7,2,7,7,1,5,6,5,5,7,7,7,7,7,6,7,7,7,7,1,7,6,5,2,7,7,correct,69,69,7,7,7,7,7,7,correct,-1,79,7,7,7,7,7,7,correct,-1,-1,7,7,7,7,7,7,correct,-1,-1,7,7,7,7,7,7,correct,-1,-1,7,7,7,7,7,7,correct,-1,67,7,7,7,7,7,7,correct,98.0,86.0,7.0,7.0,7.0,7.0,7.0,7.0,correct,-1.0,-1.0,7.0,7.0,7.0,7.0,6.0,7.0
salient,2,AT21,CX_371448837435,1304,824,480,6,4,2,links to sources providing more information on the text,5,6,6,6,factuality-eval,N/A,6,3,6,5,6,6,6,6,6,5,6,6,5,6,6,comprehensiveness,21-29,canada,university,student,female,less-than-20000-usd,canadian,5,4,3,6,5,7,7,7,7,7,7,7,7,7,7,7,7,7,7,6,6,6,6,6,6,6,6,wrong-2,76,61,7,7,7,7,7,7,wrong-2,-1,-1,7,7,7,7,7,7,correct,49,43,7,7,7,7,7,7,correct,-1,-1,7,7,7,7,7,7,correct,-1,-1,7,7,7,7,7,7,correct,49,44,2,2,2,2,7,6,correct,86.0,85.0,7.0,7.0,7.0,7.0,7.0,7.0,correct,-1.0,-1.0,7.0,7.0,7.0,7.0,7.0,7.0
explanations,2,YHS49,CX_911171680654,1460,1005,455,8,6,2,highlight sentences,5,4,5,6,natural-language-explanation,highlighted sentences from excerpt,4,1,5,6,6,4,6,4,5,6,4,6,6,6,5,comprehensiveness,30-39,australia,university,salaried-employee,male,over-100000-usd,chinese,4,5,2,7,5,4,5,6,6,7,7,7,6,6,5,7,7,6,6,4,5,5,6,5,3,6,6,correct,92,56,7,7,7,6,7,6,correct,36,31,6,5,6,7,7,5,correct,59,100,7,7,1,7,6,7,correct,60,59,6,5,5,6,7,4,correct,62,61,6,7,7,6,7,5,correct,59,68,6,5,3,6,4,5,correct,62.0,76.0,3.0,5.0,4.0,3.0,5.0,3.0,correct,23.0,-1.0,4.0,4.0,3.0,5.0,6.0,4.0
explanations,2,Pzf94,CX_83508413631,3758,2277,1481,8,6,2,Being able to ask for more detailed information ,5,5,6,5,natural-language-explanation,Clear policies outline ,6,5,5,6,6,5,5,5,4,6,3,5,3,6,6,comprehensiveness,50-59,United Kingdom ,university,salaried-employee,female,75000-99999-usd,British,5,5,6,3,5,2,4,5,6,6,7,7,7,6,6,4,7,4,4,6,3,6,6,5,3,5,6,correct,74,62,6,6,7,6,6,6,correct,-1,-1,7,7,6,7,6,7,correct,59,63,5,6,6,5,6,6,correct,-1,-1,6,6,6,5,7,6,correct,-1,-1,2,5,3,4,5,3,correct,-1,69,6,7,7,7,6,7,correct,72.0,67.0,7.0,6.0,7.0,7.0,7.0,6.0,correct,-1.0,-1.0,7.0,7.0,6.0,6.0,7.0,7.0
explanations,2,X,CX_021384476058,662,327,335,5,3,2,None,4,3,6,4,truthfulness-assessment,Good visual from phone,6,5,5,7,4,7,4,7,5,2,6,5,6,5,6,speed,30-39,Canada ,university,salaried-employee,male,over-100000-usd,Canadian ,6,6,5,4,6,6,3,5,6,4,7,5,6,3,6,4,6,6,5,5,6,5,5,6,6,7,7,correct,70,75,6,3,6,7,6,5,correct,59,59,5,4,5,6,6,6,correct,81,51,6,6,5,7,7,5,wrong-2,53,72,5,6,6,7,7,3,wrong-1,54,-1,6,7,4,5,5,5,wrong-2,58,46,4,6,6,5,6,7,correct,80.0,87.0,6.0,5.0,6.0,7.0,5.0,7.0,correct,55.0,-1.0,6.0,6.0,6.0,7.0,5.0,6.0
explanations,2,X,CX_471390792441,2061,1273,788,2,2,0,AI,6,6,6,6,truthfulness-assessment,Collection more effective information ,6,6,6,7,6,6,7,6,5,7,6,7,5,6,6,speed,50-59,United States ,university,salaried-employee,female,20000-34999-usd,American ,6,7,6,7,5,7,7,7,7,6,7,7,7,1,7,4,7,7,7,6,6,6,6,7,7,6,7,wrong-1,-1,-1,6,5,6,6,6,6,wrong-1,-1,-1,6,6,6,6,6,6,correct,-1,-1,6,7,6,6,6,6,correct,-1,-1,6,5,6,6,6,6,wrong-1,-1,-1,6,6,6,6,6,6,wrong-2,-1,-1,6,6,6,6,6,6,,,,,,,,,,wrong-1,-1.0,-1.0,,,,,,
explanations,2,1955,CX_761209952265,2405,1142,1263,6,4,2,Explanation of the definitions of the different levels ,6,6,6,7,natural-language-explanation,There is no other information needed.,6,3,6,6,5,6,6,6,5,6,6,5,6,7,7,comprehensiveness,40-49,United states,high-school,other,female,20000-34999-usd,White,6,6,4,4,6,4,6,5,6,7,6,7,7,5,6,5,7,7,5,6,4,6,6,7,3,6,6,correct,59,56,7,6,6,6,7,7,correct,-1,-1,7,6,7,6,7,7,correct,41,45,7,6,6,6,7,7,correct,15,-1,7,6,6,7,7,6,wrong-1,35,-1,7,6,6,6,7,7,wrong-2,-1,70,7,7,7,6,7,6,correct,28.0,70.0,6.0,7.0,4.0,6.0,7.0,7.0,correct,23.0,-1.0,7.0,7.0,7.0,7.0,7.0,6.0
explanations,2,Sib61,CX_931310211072,504,354,150,5,5,0,Not sure ,6,6,5,6,truthfulness-assessment,N/a,5,5,6,6,6,6,5,4,4,5,6,4,6,5,6,speed,21-29,England,university,salaried-employee,male,no-answer,British ,5,4,4,4,5,4,7,6,4,7,5,7,4,5,7,3,6,5,5,4,5,6,5,6,5,5,5,correct,-1,55,6,5,4,5,5,4,correct,-1,56,5,5,6,6,6,6,correct,57,-1,6,4,4,4,5,5,correct,57,56,6,6,5,4,4,6,correct,53,52,4,6,5,2,4,4,wrong-2,61,-1,5,5,4,5,4,4,,,,,,,,,,wrong-1,-1.0,56.0,,,,,,
explanations,2,SDW29,CX_71313142699,2927,1757,1170,8,6,2,"Again, explicitly nothing that SDG 5 was not detected. I also would like to see a short breakdown of the paragraph rewritten from a neutral view, marking down the important topics. ",5,6,3,2,natural-language-explanation,"The AI sometimes noted SEGs that weren’t SDG 5, but missed SDG 5. Is like to see it state a negative: “SDG 5 was not detected.”",2,6,3,3,3,3,3,6,6,5,2,2,3,5,5,comprehensiveness,50-59,United States,university,self-employed,male,less-than-20000-usd,White,5,5,5,5,2,6,6,7,7,7,7,7,7,7,7,5,7,7,7,6,2,4,5,3,1,4,4,correct,93,93,7,7,7,7,7,7,correct,-1,-1,1,6,6,6,7,6,correct,48,55,7,7,7,6,7,7,correct,-1,-1,2,6,5,5,7,7,correct,-1,-1,1,1,1,1,7,1,correct,61,61,2,1,2,1,7,2,correct,72.0,64.0,5.0,7.0,7.0,5.0,7.0,5.0,correct,-1.0,-1.0,2.0,5.0,5.0,5.0,7.0,5.0
explanations,2,ML70,CX_621265582446,2566,1646,920,8,6,2,Showing steps implemented ,6,5,5,5,natural-language-explanation,What steps have been implemented at the company. ,4,6,2,3,2,2,4,4,4,2,2,2,6,4,4,comprehensiveness,40-49,US,university,other,female,50000-74999-usd,US citizen,6,2,6,2,5,1,5,5,6,6,7,7,7,5,7,6,7,7,7,4,4,4,4,4,4,4,4,correct,100,100,6,6,6,6,6,6,correct,75,75,2,4,4,4,6,6,correct,26,17,5,4,4,4,6,6,correct,-1,-1,6,6,6,6,6,6,correct,-1,-1,2,4,6,4,6,6,correct,33,33,2,4,4,4,6,6,correct,100.0,100.0,2.0,6.0,4.0,4.0,6.0,4.0,correct,-1.0,-1.0,6.0,6.0,6.0,6.0,6.0,6.0
explanations,2,IPH97,CX_8544349904,1599,849,750,8,6,2,A side view of the sustainable goals ,6,5,6,4,natural-language-explanation,How to analyzes the text to come to a decision,5,6,5,5,5,5,5,5,2,5,5,4,6,5,5,comprehensiveness,40-49,United Kingdom,high-school,salaried-employee,male,50000-74999-usd,British,6,3,6,4,6,6,7,6,7,6,7,7,7,7,4,4,7,7,7,5,3,6,6,6,3,6,6,correct,65,59,7,7,7,7,7,7,correct,-1,-1,7,7,7,7,7,7,correct,72,71,7,7,7,7,7,7,correct,-1,-1,7,7,7,7,7,7,correct,-1,-1,2,2,5,3,5,6,correct,56,53,2,6,6,5,6,6,correct,72.0,61.0,7.0,7.0,7.0,7.0,7.0,7.0,correct,-1.0,-1.0,7.0,7.0,7.0,7.0,7.0,7.0
explanations,2,SIC41,CX_031346261893,4950,2376,2574,8,6,2,NA,6,6,7,7,natural-language-explanation,NA,6,4,6,6,5,6,6,2,5,7,4,4,5,7,7,comprehensiveness,21-29,United Kingdom ,high-school,unemployed,female,35000-49999-usd,Brazilian ,5,6,2,4,5,1,6,7,7,6,7,7,4,4,6,2,7,7,7,7,2,6,5,5,4,6,7,correct,87,66,7,7,7,7,7,7,correct,-1,-1,7,7,7,7,7,7,correct,50,98,5,7,7,7,7,7,correct,-1,-1,7,7,7,7,7,7,correct,-1,-1,1,7,7,7,7,7,correct,-1,65,7,7,7,7,7,7,correct,50.0,-1.0,2.0,7.0,7.0,5.0,7.0,7.0,correct,-1.0,100.0,7.0,7.0,7.0,7.0,7.0,7.0
explanations,2,Sws51,CX_251445739666,2301,1000,1301,7,5,2,Better accuracy,4,6,4,4,natural-language-explanation,Better layout for sdg,5,5,5,5,5,5,6,4,6,4,3,3,4,4,7,comprehensiveness,40-49,US,university,salaried-employee,male,over-100000-usd,American ,4,6,4,5,3,3,7,5,7,6,7,7,4,7,7,5,6,7,7,2,5,2,4,4,2,4,2,correct,99,98,7,7,7,7,7,7,correct,-1,-1,7,7,7,7,7,7,correct,67,67,7,7,7,7,7,7,correct,-1,-1,1,7,7,7,7,7,correct,-1,-1,1,7,7,7,7,7,wrong-2,-1,-1,7,7,7,7,7,7,correct,87.0,75.0,2.0,7.0,6.0,6.0,6.0,6.0,correct,-1.0,-1.0,6.0,7.0,6.0,5.0,6.0,6.0
explanations,2,YBC52,CX_521312744435,587,358,229,4,2,2,Techno ,5,7,7,7,natural-language-explanation,AI,7,6,7,6,6,5,7,6,6,6,6,5,6,6,5,comprehensiveness,21-29,United ,high-school,salaried-employee,female,20000-34999-usd,British ,7,7,5,4,5,4,4,6,7,6,6,5,6,7,7,5,5,6,4,5,6,5,7,6,6,6,7,correct,58,-1,5,7,5,3,7,6,wrong-2,63,58,6,7,6,5,7,5,wrong-2,77,57,5,7,3,6,6,4,wrong-2,56,65,6,6,5,7,6,7,correct,-1,57,5,7,6,7,6,7,wrong-1,69,-1,6,5,6,7,7,5,correct,51.0,39.0,6.0,7.0,6.0,6.0,7.0,5.0,correct,70.0,60.0,4.0,6.0,7.0,3.0,5.0,6.0
explanations,2,HDP01,CX_991446436072,3490,2386,1104,8,6,2,More examples ,7,6,7,6,natural-language-explanation,More in depth ,6,2,6,7,7,7,6,6,6,7,5,6,6,7,6,comprehensiveness,40-49,US,high-school,unemployed,male,20000-34999-usd,American ,6,4,3,6,6,5,6,7,7,7,7,6,5,6,6,6,3,2,5,6,3,7,6,6,1,7,7,correct,70,60,6,7,7,6,7,7,correct,-1,-1,7,6,6,7,7,5,correct,59,79,6,6,6,7,6,6,correct,-1,-1,7,6,6,7,7,6,correct,55,-1,7,6,6,7,7,6,correct,-1,-1,7,6,7,7,7,6,correct,58.0,55.0,6.0,7.0,6.0,5.0,6.0,6.0,correct,-1.0,-1.0,7.0,7.0,6.0,6.0,6.0,6.0
explanations,2,DDI41,CX_511434849273,2147,1242,905,8,6,2,To show how information was used in the answes,6,6,5,2,natural-language-explanation,"What the AI is basing the decision off of, and to what degree. ",5,5,6,6,6,6,6,6,2,4,5,5,5,5,6,comprehensiveness,30-39,United States ,high-school,student,female,less-than-20000-usd,Caucasian ,5,4,4,6,3,7,5,6,5,7,7,7,7,7,7,7,7,7,7,6,2,7,6,6,1,6,7,correct,87,65,7,7,7,7,7,7,correct,-1,-1,7,7,7,7,7,7,correct,45,39,7,7,7,7,7,7,correct,-1,-1,7,7,7,7,7,7,correct,-1,-1,3,7,3,3,7,7,correct,53,52,3,3,3,3,7,5,correct,86.0,55.0,7.0,7.0,7.0,7.0,7.0,7.0,correct,-1.0,-1.0,7.0,7.0,7.0,7.0,7.0,7.0
explanations,2,LKM04,CX_241270008030,2323,1540,783,8,6,2,"Adjusting screen format, to be able to see all the text ",4,6,5,5,natural-language-explanation,Keywords to indicate SDG,5,5,6,6,5,6,5,6,4,5,4,4,3,6,5,comprehensiveness,40-49,USA,high-school,unemployed,female,less-than-20000-usd,American ,4,5,5,3,3,2,3,5,6,4,7,7,7,4,3,3,7,7,7,5,3,6,5,5,3,5,5,correct,74,72,7,6,6,6,6,6,correct,-1,-1,7,6,6,6,6,6,correct,59,61,6,6,6,6,6,6,correct,14,-1,5,6,6,6,6,6,correct,16,-1,5,6,5,6,6,5,correct,73,73,6,6,7,6,6,7,correct,73.0,58.0,6.0,6.0,6.0,6.0,5.0,6.0,correct,-1.0,-1.0,6.0,5.0,6.0,6.0,5.0,6.0
explanations,2,NHO33,CX_741366202420,1663,981,682,5,3,2,Screen text size,4,4,4,4,natural-language-explanation,Clearly depiction of information on the screen,6,6,6,4,4,6,4,6,6,6,4,4,4,4,6,comprehensiveness,30-39,United Kingdom ,university,student,female,50000-74999-usd,Nigeria ,4,4,4,6,6,3,5,5,5,5,6,6,6,5,5,6,6,5,6,4,4,4,4,4,4,4,4,wrong-2,-1,-1,4,4,4,6,4,6,wrong-2,78,81,6,4,4,4,6,4,correct,-1,-1,4,6,4,6,4,4,correct,-1,-1,4,4,4,4,4,6,correct,-1,-1,4,6,6,6,4,4,wrong-1,-1,-1,4,4,4,4,4,4,correct,78.0,78.0,4.0,4.0,4.0,6.0,4.0,4.0,correct,87.0,80.0,7.0,4.0,4.0,6.0,6.0,6.0
explanations,2,LNL66,CX_991430724483,1613,1058,555,8,6,2,Make it less rigid more himan,7,2,1,1,truthfulness-assessment,author of the report ,3,2,5,5,4,4,3,3,1,6,5,6,7,1,3,comprehensiveness,30-39,England ,high-school,salaried-employee,male,over-100000-usd,British ,7,4,6,7,7,1,7,6,7,6,7,3,1,7,4,4,7,6,1,1,5,6,4,4,5,3,5,correct,84,66,6,6,6,6,6,5,correct,-1,-1,6,6,5,6,7,6,correct,22,20,6,6,5,5,5,6,correct,-1,-1,5,6,5,6,6,7,correct,-1,-1,3,7,7,6,6,6,correct,44,82,3,6,5,5,6,6,correct,23.0,38.0,7.0,5.0,6.0,6.0,6.0,5.0,correct,-1.0,-1.0,5.0,7.0,6.0,5.0,4.0,6.0
explanations,2,LXS94,CX_20152463072,5639,2801,2838,8,6,2,anything consistently useful,3,5,3,3,natural-language-explanation,Specific explanations from AI about its decision-making process,3,5,3,3,3,3,3,3,1,3,3,3,3,3,3,comprehensiveness,30-39,United States,high-school,unemployed,male,less-than-20000-usd,American,5,3,3,3,5,4,5,6,6,5,7,7,4,2,4,4,6,6,6,6,1,5,5,5,5,2,3,correct,88,68,6,6,6,6,7,6,correct,-1,-1,1,5,3,5,7,3,correct,34,23,3,5,5,5,7,5,correct,-1,-1,1,3,3,3,7,3,correct,-1,-1,1,3,3,3,7,3,correct,32,34,3,3,5,3,7,5,correct,-1.0,83.0,2.0,5.0,3.0,5.0,7.0,5.0,correct,-1.0,-1.0,1.0,5.0,3.0,3.0,7.0,3.0
explanations,2,CEH02,CX_181449400208,1848,972,876,8,6,2,No comment,5,7,7,7,natural-language-explanation,No comment ,7,7,7,7,7,7,5,4,3,5,5,5,5,7,7,comprehensiveness,30-39,United States ,high-school,self-employed,female,20000-34999-usd,American ,6,5,7,5,6,7,7,7,7,7,7,7,5,5,7,5,7,7,7,7,3,6,7,7,4,7,7,correct,87,60,7,7,7,7,7,7,correct,-1,-1,7,7,7,7,7,7,correct,60,76,7,7,7,7,7,7,correct,-1,-1,7,7,7,7,7,7,correct,-1,-1,2,5,5,7,7,5,correct,-1,53,7,7,7,7,7,7,correct,89.0,100.0,7.0,7.0,7.0,7.0,7.0,7.0,correct,-1.0,-1.0,7.0,7.0,7.0,7.0,7.0,7.0
explanations,2,SLB98,CX_491449419012,1782,965,817,8,6,2,A read aloud function where it reads the text to me,2,7,7,7,natural-language-explanation,More detailed summary ,4,7,5,5,4,5,5,5,5,5,3,6,2,6,7,comprehensiveness,30-39,United States,high-school,student,male,no-answer,American ,2,2,7,1,3,1,6,7,6,6,5,7,6,4,7,2,7,3,2,7,2,6,5,5,2,6,6,correct,69,53,7,7,7,7,7,7,correct,-1,-1,7,7,7,7,7,7,correct,52,53,7,6,6,6,6,6,correct,-1,-1,2,2,2,2,5,3,correct,42,42,5,5,5,5,6,5,correct,81,75,2,6,2,5,6,3,correct,69.0,67.0,6.0,7.0,5.0,5.0,5.0,6.0,correct,-1.0,-1.0,7.0,7.0,6.0,6.0,6.0,6.0
explanations,2,MSC27,CX_67489448082,6348,4890,1458,8,6,2,"Incorporating a feature that allows users to cross-reference their report with existing SDG databases, facilitating automatic alignment checks and providing suggestions for improving SDG integration based on established frameworks and best practices.",6,5,5,6,natural-language-explanation,Other information I would like to obtain would be to assess how well the report aligns with the indicators associated with each SDG and to check if the report explicitly references specific SDGs or their targets. These are just a few things that would be helpful and useful when determining the presence of SDG.,5,4,5,6,5,5,6,5,5,5,5,6,6,5,5,comprehensiveness,30-39,United States ,high-school,civil-servant,female,less-than-20000-usd,White,6,5,4,6,4,2,2,5,4,4,5,7,4,4,5,4,7,6,4,5,3,5,6,6,2,5,5,correct,87,80,7,7,7,7,7,7,correct,-1,-1,7,7,7,7,7,7,correct,45,51,7,7,7,7,7,7,correct,-1,-1,7,7,7,7,7,7,correct,-1,-1,3,4,2,2,7,4,correct,50,55,3,5,3,3,7,4,correct,86.0,-1.0,7.0,7.0,7.0,7.0,7.0,7.0,correct,-1.0,-1.0,7.0,7.0,7.0,7.0,7.0,7.0
explanations,2,CJL05,CX_67675972420,2377,1316,1061,8,6,2,Categorization,6,7,6,7,natural-language-explanation,A more in depth explanation in natural language ,5,5,6,7,6,6,7,6,5,7,2,2,6,7,7,comprehensiveness,21-29,United States of America ,no-degree,self-employed,female,20000-34999-usd,White ,7,1,5,5,6,1,1,6,5,7,7,7,7,6,6,7,6,7,7,7,1,7,7,7,1,7,7,correct,81,77,7,7,7,7,7,7,correct,-1,-1,6,7,6,7,7,7,correct,42,90,7,6,7,6,6,7,correct,-1,63,6,7,7,7,7,7,correct,59,-1,7,7,7,7,7,7,correct,-1,45,6,7,6,7,7,7,correct,87.0,67.0,7.0,7.0,7.0,7.0,7.0,7.0,correct,-1.0,-1.0,7.0,7.0,7.0,7.0,7.0,7.0
explanations,2,NAQ98,CX_641448450430,2937,1634,1303,8,6,2,Reevaluate for the AI,7,6,7,7,natural-language-explanation,Salaries and Hourly wages,5,3,5,5,5,5,3,5,4,5,5,5,7,5,6,comprehensiveness,30-39,United States,university,unemployed,male,50000-74999-usd,Cuban,7,2,2,6,7,7,7,7,7,7,7,7,7,7,7,6,7,7,7,7,1,7,7,7,1,7,7,correct,91,90,7,7,7,7,7,7,correct,-1,-1,7,7,7,7,7,7,correct,50,45,7,5,7,7,7,5,correct,10,-1,1,7,1,1,7,7,correct,-1,-1,1,6,1,1,7,6,correct,59,53,1,7,1,1,7,7,correct,74.0,48.0,7.0,1.0,7.0,7.0,7.0,1.0,correct,5.0,-1.0,6.0,7.0,7.0,7.0,7.0,7.0
explanations,2,Pjn85,CX_501034870434,1942,1114,828,8,6,2,Showing a list of the SDG’s to compare the text to.,7,6,5,5,natural-language-explanation,Listing the SDG’s first to gain knowledge and better understanding of them before analysing the text.,6,2,7,6,7,7,6,6,6,6,5,5,7,6,6,comprehensiveness,40-49,England ,secondary,salaried-employee,female,35000-49999-usd,British ,7,6,2,6,7,3,6,6,6,6,7,7,6,6,5,5,7,7,6,5,2,6,6,6,2,6,6,correct,85,76,7,7,7,7,7,7,correct,-1,-1,7,7,7,7,7,7,correct,71,70,6,7,7,7,7,7,correct,-1,-1,7,7,7,7,7,7,correct,-1,-1,5,7,6,6,7,7,correct,56,80,5,7,6,6,7,6,correct,84.0,70.0,7.0,7.0,7.0,7.0,6.0,7.0,correct,-1.0,-1.0,6.0,7.0,7.0,7.0,7.0,6.0
explanations,2,Tro33,CX_881448282432,1271,702,569,5,3,2,More information ,5,6,5,6,truthfulness-assessment,Important information ,2,7,6,7,5,7,5,4,4,3,4,4,7,7,5,comprehensiveness,30-39,United States ,high-school,unemployed,female,less-than-20000-usd,Black ,6,4,5,7,7,6,3,5,7,5,6,5,7,3,4,5,7,5,7,5,3,6,7,6,3,5,3,wrong-2,41,27,6,4,5,2,5,5,wrong-1,34,48,5,7,6,5,7,6,correct,-1,-1,5,6,4,5,7,4,wrong-2,53,52,6,6,7,4,6,4,correct,51,21,6,5,3,6,5,6,correct,48,28,5,5,4,4,7,1,correct,42.0,56.0,5.0,6.0,4.0,4.0,5.0,5.0,correct,49.0,-1.0,5.0,4.0,4.0,4.0,5.0,5.0
explanations,2,DJS08,CX_2371662434,2960,1724,1236,8,6,2,I did not find anything lacking or missing. ,3,7,6,4,natural-language-explanation,I cannot think of anything. ,7,5,7,6,6,6,7,7,1,7,7,7,2,6,7,comprehensiveness,50-59,United States of America ,university,other,female,75000-99999-usd,Caucasian ,2,7,5,3,2,1,7,5,6,5,7,7,7,2,6,6,5,7,7,7,1,7,7,7,1,7,7,correct,76,73,7,7,7,7,7,6,correct,-1,-1,7,7,7,7,7,7,correct,43,11,6,7,7,7,7,7,correct,17,25,4,7,7,7,7,7,correct,40,29,6,7,7,6,7,7,correct,35,38,5,7,6,7,7,7,correct,77.0,92.0,5.0,7.0,7.0,7.0,7.0,6.0,correct,18.0,-1.0,4.0,6.0,7.0,6.0,6.0,7.0
explanations,2,MJA45,CX_101449599239,1692,901,791,8,6,2,read aloud,2,7,7,7,natural-language-explanation,more information ,5,6,5,5,5,5,6,3,3,6,3,2,2,7,7,speed,18-20,United States,high-school,unemployed,female,35000-49999-usd,white,6,5,6,2,2,2,7,7,5,7,7,7,7,2,5,5,7,7,7,7,2,7,7,7,7,7,7,correct,74,68,7,7,7,7,7,7,correct,-1,-1,7,7,7,7,7,7,correct,47,63,7,7,7,7,7,7,correct,-1,-1,7,7,7,7,7,7,correct,41,-1,4,4,5,4,7,3,correct,67,70,3,3,3,3,3,3,correct,63.0,59.0,6.0,7.0,6.0,6.0,6.0,6.0,correct,-1.0,-1.0,7.0,7.0,7.0,7.0,7.0,7.0
explanations,2,DMM95,CX_001448637083,2251,1178,1073,7,5,2,Better proof reading for ai,2,6,6,6,natural-language-explanation,Picking up what the company is doing for SDG,2,6,3,3,5,5,3,5,4,6,2,2,2,6,6,comprehensiveness,40-49,United States ,no-degree,salaried-employee,male,50000-74999-usd,White,2,6,6,2,2,3,5,6,6,7,7,7,7,7,7,7,7,6,7,6,3,6,6,2,3,6,6,correct,76,74,7,7,6,6,6,6,correct,-1,-1,7,6,6,6,6,6,correct,92,96,6,6,6,6,6,6,correct,-1,-1,6,2,2,2,6,2,correct,-1,-1,2,3,2,2,5,2,wrong-1,-1,-1,7,6,6,6,6,6,correct,-1.0,90.0,2.0,7.0,6.0,6.0,6.0,6.0,correct,-1.0,-1.0,7.0,6.0,6.0,6.0,7.0,6.0
explanations,2,jdt60,CX_251448776048,1939,1256,683,8,6,2,Charting of types of SDG,4,5,6,6,natural-language-explanation,SDG chart to to help the reader have a better detection of SDGs,3,5,5,6,6,6,6,5,4,5,5,3,5,6,5,comprehensiveness,21-29,United States,high-school,other,male,no-answer,Caucasian ,6,3,5,4,5,3,4,5,4,5,6,7,7,2,6,4,7,7,7,5,4,5,5,5,4,5,5,correct,83,72,7,7,7,7,7,7,correct,-1,-1,7,7,7,7,7,7,correct,46,46,6,6,6,6,6,6,correct,43,-1,5,5,5,5,4,5,correct,-1,-1,2,2,2,2,6,3,correct,-1,74,7,7,7,7,7,7,correct,-1.0,36.0,5.0,6.0,7.0,6.0,6.0,7.0,correct,-1.0,-1.0,7.0,7.0,7.0,7.0,7.0,7.0
explanations,2,LRM98,CX_231427396695,2221,1521,700,6,4,2,A glossary of non-English words and company names,3,7,7,7,truthfulness-assessment,The reports were clear in their SDG efforts,6,5,7,7,6,6,7,6,4,6,6,5,3,7,7,comprehensiveness,30-39,USA,university,self-employed,female,no-answer,American ,6,5,5,6,3,3,6,6,7,6,7,7,7,6,6,4,7,5,7,6,5,5,5,5,5,4,6,correct,75,73,7,7,7,7,7,7,wrong-2,-1,-1,7,7,7,7,7,7,wrong-1,45,54,7,7,7,7,7,7,correct,-1,-1,7,7,7,7,7,7,correct,-1,-1,2,7,7,7,7,1,correct,-1,43,5,7,7,7,7,7,correct,75.0,75.0,7.0,7.0,7.0,7.0,7.0,7.0,correct,-1.0,-1.0,7.0,7.0,7.0,7.0,7.0,7.0
explanations,2,GKS79,CX_651432866673,3186,1950,1236,7,5,2,A symbol to prove legitimacy ,7,6,6,6,truthfulness-assessment,I do not know any other way,6,6,6,6,5,5,6,6,6,6,4,5,6,6,6,comprehensiveness,30-39,United Kingdom ,high-school,other,female,less-than-20000-usd,British ,7,5,7,5,6,2,4,5,4,5,6,7,7,6,4,4,7,7,6,5,6,6,7,6,6,7,6,correct,76,77,7,6,6,5,7,7,correct,-1,-1,2,4,2,5,5,5,correct,77,67,4,4,4,4,4,5,wrong-1,54,-1,5,4,5,4,4,5,correct,-1,-1,2,4,4,4,4,4,correct,100,95,7,6,6,5,6,6,correct,68.0,47.0,4.0,6.0,5.0,4.0,6.0,5.0,correct,31.0,-1.0,3.0,4.0,6.0,2.0,6.0,4.0
explanations,2,NGL27,CX_001410658028,1445,890,555,8,6,2,more explanation,5,4,2,2,natural-language-explanation,"nothing, just my own judgement",2,6,4,3,4,4,4,3,3,1,2,2,3,2,3,comprehensiveness,21-29,uk,university,student,diverse,less-than-20000-usd,british,5,2,3,5,4,5,5,5,4,5,6,7,7,5,4,5,7,7,7,2,5,3,2,2,4,3,2,correct,70,61,7,5,5,5,5,5,correct,-1,-1,7,5,5,5,6,5,correct,48,46,7,5,5,5,5,5,correct,-1,-1,7,4,5,5,5,5,correct,-1,-1,1,4,2,2,5,2,correct,62,71,2,3,3,3,5,3,correct,73.0,73.0,7.0,1.0,5.0,2.0,5.0,1.0,correct,-1.0,-1.0,7.0,5.0,5.0,5.0,5.0,3.0
explanations,2,JMO99,CX_541432472282,1180,730,450,6,4,2,Not sure,5,5,6,3,natural-language-explanation,What it means more in equality ,4,6,5,5,4,5,5,5,5,3,5,3,5,5,5,comprehensiveness,30-39,United States,university,self-employed,male,35000-49999-usd,American,3,5,6,3,3,2,5,6,7,7,7,5,5,6,4,5,6,4,3,5,3,5,5,5,4,5,5,wrong-2,72,74,7,7,6,7,7,6,correct,-1,-1,7,7,7,7,7,7,correct,43,-1,6,6,7,7,7,7,correct,-1,-1,7,7,7,7,7,7,correct,-1,-1,3,6,3,3,7,3,wrong-1,67,70,3,4,5,3,7,4,correct,79.0,84.0,7.0,7.0,7.0,7.0,7.0,7.0,correct,-1.0,-1.0,3.0,7.0,5.0,3.0,7.0,5.0
explanations,2,DTT80,CX_161439612675,2125,1371,754,8,6,2,"Currently the AI system is highly inaccurate, and easily fooled by the presence of SDGs other than 5. I recommend additional fine-tuning on hard negatives, which you can heuristically mine by selecting passages with multiple SDGs present as a challenge set (the AI was significantly less reliable in these settings, based on the few examples I saw).",2,5,2,2,natural-language-explanation,Highlighting of sub-passages that contain the SDG in the original text ,1,7,1,1,1,1,1,1,1,1,1,1,2,5,5,comprehensiveness,21-29,United States,university,student,female,less-than-20000-usd,US American,2,1,7,1,2,1,2,5,7,6,7,7,7,6,6,6,7,7,7,5,1,4,3,3,1,2,5,correct,78,60,6,6,6,7,6,7,correct,-1,-1,7,5,5,5,6,5,correct,17,17,3,5,1,1,7,2,correct,-1,-1,7,6,6,4,7,6,correct,-1,-1,1,5,1,1,7,3,correct,43,44,2,5,1,2,7,5,correct,95.0,95.0,6.0,2.0,1.0,1.0,5.0,1.0,correct,-1.0,-1.0,7.0,5.0,6.0,5.0,6.0,5.0
explanations,2,Pwc35,CX_511083615662,1255,1042,213,7,5,2,None,6,5,6,5,truthfulness-assessment,None,6,3,6,6,6,6,6,3,2,6,5,6,6,5,4,speed,50-59,Usa,university,student,female,20000-34999-usd,White,6,4,2,6,6,2,6,5,5,6,4,6,5,2,6,5,5,5,4,6,2,6,6,6,2,5,6,correct,77,36,6,6,6,6,6,6,correct,-1,-1,6,6,6,6,6,6,correct,47,-1,6,6,6,6,6,6,wrong-2,-1,-1,6,6,6,6,6,6,correct,-1,-1,5,6,6,6,5,6,correct,-1,49,6,6,6,6,6,6,correct,41.0,70.0,6.0,6.0,6.0,6.0,6.0,6.0,correct,-1.0,-1.0,6.0,6.0,6.0,6.0,6.0,6.0
explanations,2,SAS22,CX_061268297087,1533,768,765,6,4,2,Numbers ,5,3,3,4,natural-language-explanation,N/a,5,3,7,7,5,2,4,3,4,5,6,4,7,3,1,comprehensiveness,21-29,United States,high-school,student,female,less-than-20000-usd,Black ,6,4,4,4,5,5,3,5,4,5,6,7,6,2,7,6,6,4,3,4,5,5,5,5,3,5,3,correct,87,-1,6,3,6,4,6,5,correct,-1,-1,3,4,2,2,5,3,wrong-2,45,-1,5,5,4,4,5,5,correct,-1,62,2,5,5,3,4,4,wrong-1,58,-1,5,4,5,6,6,5,correct,-1,45,4,4,2,2,2,2,correct,-1.0,60.0,3.0,4.0,2.0,2.0,3.0,2.0,correct,-1.0,52.0,3.0,5.0,3.0,4.0,3.0,3.0
explanations,2,FDI90,CX_96234832759,4390,3586,804,8,6,2,I don't know,6,6,3,5,natural-language-explanation,waste reduction,3,6,2,5,5,6,4,3,2,5,5,2,6,5,4,comprehensiveness,40-49,United Kingdom,university,salaried-employee,female,20000-34999-usd,British,7,3,5,3,5,2,7,6,5,6,6,7,4,4,4,3,6,6,7,6,3,6,6,5,6,5,6,correct,56,58,6,6,6,6,6,6,correct,-1,-1,7,7,7,7,7,7,correct,54,-1,7,7,7,7,7,7,correct,-1,-1,2,6,2,2,6,2,correct,-1,-1,2,6,2,2,6,3,correct,79,80,6,6,6,6,6,6,correct,85.0,83.0,7.0,7.0,7.0,7.0,7.0,7.0,correct,-1.0,-1.0,7.0,7.0,7.0,7.0,7.0,7.0
explanations,2,LJP36,9289C61AD6,1911,1216,695,8,6,2,"An ability to list possible SDGs from the text in the beginning of explanation if the user has no previous knowledge of the SDGs. If the user does have knowledge, no changes are needed to the explanation.",6,6,7,6,natural-language-explanation,"When companies are working with other companies or foundations, I would like to know what those groups specialize in.",6,2,7,6,7,7,7,5,7,4,6,6,6,6,7,comprehensiveness,30-39,United States,university,self-employed,male,50000-74999-usd,U.S. Citizen,7,5,2,6,5,1,6,6,4,6,5,7,4,5,3,6,7,6,7,6,1,6,6,7,2,6,7,correct,85,80,7,7,7,7,6,7,correct,-1,-1,7,7,7,7,6,7,correct,50,57,7,7,7,7,6,7,correct,-1,-1,7,7,7,7,6,6,correct,-1,-1,4,7,7,7,6,6,correct,25,45,3,7,7,7,6,7,correct,60.0,35.0,5.0,7.0,7.0,5.0,6.0,7.0,correct,-1.0,-1.0,7.0,7.0,7.0,7.0,6.0,7.0
explanations,2,Rrb23,CX_57168653212,2128,1342,786,8,6,2,More fine tuning for keywords that derive from my input. ,5,5,4,3,natural-language-explanation,Nothing,3,5,4,5,4,4,3,3,3,3,3,3,5,5,3,speed,40-49,United States ,university,self-employed,female,over-100000-usd,Multi,5,4,3,5,5,5,7,6,5,7,6,7,5,7,7,7,7,4,5,7,4,3,6,6,2,3,5,correct,89,84,7,5,6,6,7,6,correct,-1,-1,7,4,5,5,6,5,correct,75,70,5,6,6,4,6,6,correct,-1,-1,6,6,6,6,6,6,correct,-1,-1,2,6,6,6,6,6,correct,64,77,2,5,4,5,6,5,correct,85.0,60.0,6.0,6.0,6.0,6.0,6.0,5.0,correct,-1.0,-1.0,7.0,6.0,6.0,6.0,7.0,6.0
explanations,2,MJD36,CX_541394567859,2138,1550,588,8,6,2,Seeing other acceptable explanations ,5,7,7,7,natural-language-explanation,Material referencing SDG as a refresher,3,2,7,6,7,7,7,7,5,3,5,3,3,7,7,comprehensiveness,18-20,United States,high-school,student,female,50000-74999-usd,Mexican American ,5,7,6,5,3,1,3,5,6,6,7,6,3,4,4,5,6,3,4,7,2,6,3,6,3,7,6,correct,80,51,7,7,7,6,7,7,correct,-1,-1,7,7,7,7,7,5,correct,41,-1,6,7,6,4,6,7,correct,-1,-1,6,6,6,6,6,6,correct,38,-1,7,5,7,6,7,7,correct,-1,78,7,5,7,7,6,7,correct,-1.0,-1.0,7.0,5.0,6.0,6.0,6.0,7.0,correct,-1.0,-1.0,6.0,7.0,6.0,5.0,6.0,6.0
explanations,2,BJR11,CX_911450340463,3104,1911,1193,8,6,2,AI geared more specifically to my interests,5,6,6,7,natural-language-explanation,I was.not aware of SDG prior to this and would like to know what the rest of SDG are.,5,5,6,6,6,6,6,6,6,3,6,6,4,6,6,comprehensiveness,50-59,United States,university,salaried-employee,female,35000-49999-usd,Caicasian,3,4,5,3,4,1,4,4,4,5,6,7,7,6,5,6,7,6,5,6,1,5,6,6,1,6,6,correct,86,85,7,7,7,7,7,7,correct,-1,-1,7,7,7,7,7,7,correct,70,78,5,5,5,5,6,5,correct,15,29,3,7,7,7,7,7,correct,-1,-1,1,1,1,1,4,1,correct,33,54,3,5,4,5,5,4,correct,86.0,85.0,7.0,7.0,7.0,7.0,7.0,7.0,correct,-1.0,-1.0,7.0,7.0,7.0,7.0,7.0,7.0
explanations,2,Ujs21,CX_48850048811,582,345,237,8,6,2,Na,6,6,6,6,truthfulness-assessment,Na,6,1,7,7,6,6,6,6,5,7,6,6,7,5,6,comprehensiveness,40-49,Usa,high-school,self-employed,male,20000-34999-usd,Korean,6,6,2,7,7,4,7,6,7,7,7,7,4,2,4,7,7,7,2,7,6,6,5,7,6,6,6,correct,76,70,7,6,6,6,6,6,correct,-1,-1,7,6,6,6,6,6,correct,-1,77,5,7,6,6,6,7,correct,-1,-1,5,6,6,6,6,6,correct,-1,-1,6,7,7,7,6,6,correct,76,-1,6,6,6,6,5,5,correct,82.0,70.0,7.0,7.0,7.0,7.0,7.0,7.0,correct,-1.0,-1.0,6.0,6.0,7.0,6.0,6.0,6.0
explanations,2,Abw68,CX_491406972694,1926,892,1034,7,5,2,I’m not sure ,6,5,4,4,natural-language-explanation,I’m not sure ,5,5,6,6,6,5,5,5,6,5,5,5,6,5,5,comprehensiveness,50-59,United States,university,salaried-employee,female,over-100000-usd,White,6,5,5,5,6,3,4,5,6,5,6,5,6,5,4,2,6,6,5,5,6,5,6,6,5,6,5,correct,66,49,6,6,6,6,6,6,correct,76,-1,6,6,6,6,6,6,wrong-2,74,65,6,6,6,6,6,6,correct,58,64,6,6,6,6,6,6,correct,71,66,6,6,6,6,6,6,correct,71,63,6,6,6,6,6,6,correct,67.0,90.0,6.0,6.0,6.0,6.0,6.0,6.0,correct,62.0,-1.0,6.0,6.0,6.0,6.0,6.0,6.0
explanations,2,JDC06,CX_44622651071,1763,1162,601,8,6,2,A compression and relevance score given by the AI by each extract,2,4,1,1,natural-language-explanation,Key extract pulled out or highlighted better in the results ,2,6,3,2,3,2,2,4,5,2,2,2,2,2,2,comprehensiveness,40-49,UK,university,salaried-employee,male,no-answer,British,2,2,6,3,2,2,3,6,6,5,7,6,4,4,4,4,6,6,6,2,4,2,2,2,6,3,2,correct,87,76,7,6,6,6,6,6,correct,-1,-1,7,5,6,5,6,6,correct,47,53,7,4,6,6,6,6,correct,-1,-1,3,6,3,2,4,2,correct,-1,-1,2,4,2,2,4,3,correct,76,76,2,6,2,5,4,4,correct,86.0,83.0,7.0,7.0,7.0,7.0,6.0,7.0,correct,-1.0,-1.0,6.0,6.0,7.0,6.0,5.0,6.0
explanations,2,OME68,CX_401450172647,1933,1064,869,8,6,2,Highlighting in the text,6,6,5,5,natural-language-explanation,Statistics and evidence rather than just theoretical reference ,6,1,6,6,5,5,6,6,5,6,6,6,6,6,7,comprehensiveness,30-39,England,university,civil-servant,male,over-100000-usd,British ,6,3,2,6,5,3,7,6,7,6,7,7,6,6,4,6,7,5,6,6,2,6,6,5,3,6,6,correct,77,65,7,6,6,6,7,7,correct,-1,-1,7,7,7,7,7,7,correct,51,64,7,5,7,4,7,6,correct,-1,-1,6,6,5,6,7,5,correct,-1,-1,6,6,7,6,6,7,correct,37,38,3,3,3,3,6,3,correct,73.0,58.0,6.0,6.0,6.0,5.0,6.0,6.0,correct,-1.0,-1.0,7.0,6.0,6.0,6.0,7.0,6.0
explanations,2,MK92,CX_801450298674,2284,1457,827,8,6,2,I'm not particularly sure but I would add the percentage of SDG content and also the percentage of actions done for SDG content and just mentioning the terms of SDG.,6,6,6,7,natural-language-explanation,Percentage of SDG content. Bullet Points or percentage separating actions deployed and just mentioning terms of SDG.,4,3,5,6,6,6,5,6,4,2,5,4,6,6,5,comprehensiveness,21-29,United Kingdom,university,student,male,less-than-20000-usd,Indian,6,5,3,4,5,3,7,4,6,6,6,6,7,3,6,5,5,5,6,6,2,6,5,5,2,5,5,correct,51,48,6,6,7,5,7,7,correct,-1,-1,7,7,7,6,7,7,correct,24,27,6,5,6,5,7,6,correct,-1,-1,6,5,3,3,7,7,correct,-1,-1,2,4,6,3,6,6,correct,31,37,2,5,5,5,6,5,correct,85.0,72.0,7.0,7.0,7.0,6.0,7.0,7.0,correct,-1.0,74.0,7.0,7.0,7.0,6.0,7.0,7.0
explanations,2,KLG44,CX_69794780278,881,442,439,4,2,2,I’m not sure,5,5,5,4,truthfulness-assessment,I’m not sure,5,5,5,5,5,5,3,4,4,4,3,6,6,4,3,speed,21-29,United states ,high-school,unemployed,female,20000-34999-usd,Caucasion,5,4,4,6,5,5,6,3,5,5,4,6,5,6,5,5,4,3,4,4,5,6,5,4,5,6,5,wrong-2,-1,53,5,3,5,4,5,5,correct,49,54,6,5,3,5,4,3,wrong-2,-1,58,5,4,5,4,5,5,wrong-2,60,57,6,3,5,5,6,4,correct,-1,55,5,4,4,4,6,5,wrong-1,56,-1,5,3,6,5,7,5,correct,-1.0,-1.0,6.0,5.0,4.0,4.0,3.0,3.0,correct,56.0,-1.0,5.0,4.0,5.0,4.0,5.0,5.0
explanations,2,LBR03,CX_24893330684,1358,782,576,8,6,2,Na,7,7,7,7,natural-language-explanation,More I depth detail,6,3,5,6,6,6,7,7,3,7,5,5,7,7,5,comprehensiveness,30-39,Usa,high-school,self-employed,female,35000-49999-usd,White,7,4,3,7,7,7,7,7,7,7,7,7,7,7,7,7,7,7,4,7,1,7,7,7,1,7,7,correct,55,72,7,7,7,7,7,7,correct,-1,-1,7,7,7,7,7,7,correct,43,15,7,7,7,7,7,7,correct,-1,-1,7,7,7,7,7,7,correct,-1,-1,1,7,7,7,7,7,correct,54,51,1,7,7,7,7,7,correct,81.0,79.0,7.0,7.0,7.0,7.0,7.0,7.0,correct,-1.0,-1.0,7.0,7.0,7.0,7.0,7.0,7.0
explanations,2,BCM25,CX_331440086484,1947,1135,812,8,6,2,I think it was pretty complete,5,6,7,6,natural-language-explanation,A small definition of all SDG's to better understand the task,6,3,6,6,6,7,6,5,2,5,6,6,5,6,5,comprehensiveness,30-39,Canada,secondary,salaried-employee,diverse,50000-74999-usd,Canadian,5,5,3,6,4,5,5,7,6,7,7,7,7,5,7,7,6,7,7,6,1,7,6,6,1,7,6,correct,88,85,7,7,7,7,7,7,correct,-1,-1,7,7,7,7,7,7,correct,48,52,7,7,7,7,7,7,correct,-1,-1,7,7,7,7,7,7,correct,-1,-1,2,7,6,6,3,6,correct,30,47,3,7,7,7,7,7,correct,86.0,72.0,7.0,7.0,7.0,7.0,7.0,7.0,correct,-1.0,-1.0,7.0,7.0,7.0,7.0,7.0,7.0
explanations,2,Dcm00,CX_60783838089,2294,1223,1071,8,6,2,I dont see nothing for now,6,5,5,6,natural-language-explanation,"Not much, it was really clear",5,3,6,6,5,5,5,5,6,6,7,6,6,6,6,comprehensiveness,30-39,Canada,university,salaried-employee,male,over-100000-usd,Canadian,5,5,3,5,5,5,6,5,6,5,7,7,6,5,6,4,6,6,3,6,2,6,5,5,2,6,6,correct,87,84,7,6,6,6,7,6,correct,-1,-1,7,5,6,5,7,6,correct,39,83,7,7,6,6,7,6,correct,-1,-1,7,3,4,5,7,5,correct,-1,-1,1,2,2,2,2,2,correct,-1,-1,7,5,5,5,6,6,correct,82.0,72.0,6.0,6.0,3.0,3.0,6.0,4.0,correct,-1.0,-1.0,7.0,5.0,6.0,3.0,7.0,3.0
explanations,2,GDM56,CX_871235286860,2012,891,1121,8,6,2,Better accuracy,5,5,4,4,natural-language-explanation,If the ai would highlight the relevant information in the report ,3,4,5,5,5,5,5,5,5,4,4,4,5,5,5,comprehensiveness,40-49,United States ,university,salaried-employee,female,50000-74999-usd,American ,5,3,3,5,5,5,5,6,7,6,7,7,7,4,5,7,7,6,6,4,2,1,3,3,2,5,4,correct,70,65,7,7,7,7,7,7,correct,-1,-1,7,7,7,7,7,7,correct,21,21,5,7,5,5,7,5,correct,-1,-1,7,7,7,7,7,7,correct,-1,-1,1,4,3,3,7,4,correct,29,62,2,4,3,3,5,3,correct,65.0,53.0,7.0,7.0,5.0,5.0,7.0,7.0,correct,-1.0,-1.0,7.0,7.0,7.0,7.0,7.0,7.0
explanations,2,AJH75,CX_781311083642,1471,1048,423,7,5,2,%,6,5,6,6,truthfulness-assessment,%,6,5,5,6,6,5,6,5,4,5,6,5,6,6,6,comprehensiveness,50-59,United kingdom,university,salaried-employee,female,20000-34999-usd,British,6,5,3,6,5,4,7,6,7,6,7,7,5,7,5,5,7,6,6,3,6,5,4,4,5,4,4,correct,87,71,6,6,7,6,7,7,correct,-1,-1,6,6,6,6,7,6,wrong-2,45,72,6,6,6,6,7,6,correct,-1,-1,6,6,6,6,7,6,correct,-1,-1,6,6,6,6,7,6,correct,63,74,6,6,6,6,7,6,correct,75.0,68.0,6.0,4.0,6.0,5.0,6.0,6.0,correct,-1.0,-1.0,6.0,6.0,6.0,6.0,6.0,5.0
explanations,2,TWH57,CX_731451060442,1461,709,752,7,5,2,Keyword,6,4,4,5,truthfulness-assessment,If it has keywords,5,7,6,6,7,7,6,5,7,5,2,2,6,5,7,speed,18-20,USA ,high-school,student,male,less-than-20000-usd,American,6,5,7,5,7,5,7,7,7,7,7,6,6,3,6,3,7,5,6,6,7,6,6,6,6,5,7,correct,82,58,7,7,5,7,6,6,correct,-1,-1,6,7,4,6,6,4,correct,25,-1,5,7,7,7,5,7,correct,-1,-1,6,7,5,7,5,6,correct,-1,-1,1,6,2,2,6,4,wrong-2,-1,-1,6,7,7,4,4,6,correct,82.0,86.0,6.0,5.0,5.0,6.0,6.0,7.0,correct,-1.0,-1.0,7.0,6.0,5.0,5.0,7.0,6.0
explanations,2,STT55,CX_211435315665,3505,1720,1785,7,5,2,I'm not sure.,6,7,7,7,natural-language-explanation,I think all the pertinent information was provided ,6,4,5,5,5,5,5,5,4,6,5,5,7,5,5,comprehensiveness,50-59,Canada,university,self-employed,female,over-100000-usd,Irish,6,5,4,6,6,6,7,7,7,7,7,7,6,7,7,7,7,7,5,6,2,6,6,6,4,6,6,correct,83,72,7,7,7,7,7,7,correct,-1,-1,7,6,7,7,7,7,wrong-1,51,60,7,6,5,5,6,6,correct,-1,-1,7,6,5,5,7,5,correct,-1,-1,2,2,3,3,7,4,correct,58,52,2,3,4,4,7,6,correct,78.0,71.0,7.0,6.0,6.0,6.0,7.0,6.0,correct,-1.0,40.0,7.0,6.0,7.0,6.0,7.0,7.0
explanations,2,Mka73,CX_701215841281,4101,3098,1003,6,4,2,I don't know ,6,7,7,7,natural-language-explanation,I don't know,6,2,7,6,6,6,7,7,4,7,6,5,7,7,7,comprehensiveness,30-39,US,high-school,salaried-employee,female,over-100000-usd,American,7,7,2,5,6,1,5,6,6,6,7,7,7,2,5,5,7,6,6,7,2,7,6,7,1,6,6,wrong-2,87,87,7,7,7,7,7,7,correct,-1,-1,7,7,7,7,6,7,wrong-2,46,51,7,7,7,7,7,6,correct,-1,-1,7,7,7,7,7,6,correct,53,-1,7,7,7,7,7,6,correct,58,59,3,7,7,7,7,7,correct,83.0,100.0,3.0,7.0,6.0,7.0,7.0,7.0,correct,-1.0,-1.0,7.0,7.0,7.0,7.0,7.0,7.0
explanations,2,Kls91,CX_801452090282,1856,1045,811,8,6,2,Explanation of why it did not think SDG5 was present ,6,6,6,6,natural-language-explanation,Why it didn’t think SDG was present ,6,3,6,6,6,6,6,6,6,6,6,6,6,6,6,comprehensiveness,21-29,England ,university,student,female,50000-74999-usd,British ,6,3,3,6,5,4,6,6,6,6,7,7,7,6,7,5,7,5,6,6,2,6,6,6,2,6,6,correct,78,73,7,6,6,6,6,6,correct,-1,-1,6,6,6,6,6,6,correct,58,74,6,6,6,6,6,6,correct,-1,-1,7,6,6,6,6,6,correct,41,-1,5,6,6,6,6,6,correct,48,52,5,6,6,6,6,6,correct,58.0,42.0,6.0,6.0,6.0,6.0,7.0,6.0,correct,-1.0,-1.0,6.0,6.0,6.0,6.0,6.0,6.0
